kilavuz_kodu,universite_adi,birim_adi,birim_grup_adi,il_kodu,il_adi,universite_turu,ogretim_turu,burs_orani,puan_turu,kaynak,cekme_tarihi,yil,genel_kontenjan,sehit_gazi_kontenjan,depremzede_kontenjan,okul_birincisi_kontenjan,taban_puan,taban_siralama
203910796,KOÇ ÜNİVERSİTESİ (İSTANBUL),Hukuk (Burslu),Hukuk,34.0,İSTANBUL,VAKIF,,,EA,yokatlas_api,2026-07-22,2025,15.0,,,,510.7839,253.0
203910796,KOÇ ÜNİVERSİTESİ (İSTANBUL),Hukuk (Burslu),Hukuk,34.0,İSTANBUL,VAKIF,,,EA,yokatlas_api,2026-07-22,2024,21.0,3.0,1.0,,504.59636,473.0
203910796,KOÇ ÜNİVERSİTESİ (İSTANBUL),Hukuk (Burslu),Hukuk,34.0,İSTANBUL,VAKIF,,,EA,yokatlas_api,2026-07-22,2023,18.0,,,,527.16858,239.0
203910796,KOÇ ÜNİVERSİTESİ (İSTANBUL),Hukuk (Burslu),Hukuk,34.0,İSTANBUL,VAKIF,,,EA,yokatlas_api,2026-07-22,2022,18.0,,,,530.68457,132.0
202111106,İHSAN DOĞRAMACI BİLKENT ÜNİVERSİTESİ (ANKARA),Hukuk (Burslu),Hukuk,6.0,ANKARA,VAKIF,,,EA,yokatlas_api,2026-07-22,2025,14.0,,,,504.01538,376.0
202111106,İHSAN DOĞRAMACI BİLKENT ÜNİVERSİTESİ (ANKARA),Hukuk (Burslu),Hukuk,6.0,ANKARA,VAKIF,,,EA,yokatlas_api,2026-07-22,2024,20.0,3.0,1.0,,511.77162,305.0
202111106,İHSAN DOĞRAMACI BİLKENT ÜNİVERSİTESİ (ANKARA),Hukuk (Burslu),Hukuk,6.0,ANKARA,VAKIF,,,EA,yokatlas_api,2026-07-22,2023,21.0,,,,525.78762,271.0
202111106,İHSAN DOĞRAMACI BİLKENT ÜNİVERSİTESİ (ANKARA),Hukuk (Burslu),Hukuk,6.0,ANKARA,VAKIF,,,EA,yokatlas_api,2026-07-22,2022,21.0,,,,520.22409,329.0
104010052,GALATASARAY ÜNİVERSİTESİ (İSTANBUL),Hukuk (Fransızca),Hukuk,34.0,İSTANBUL,DEVLET,,,EA,yokatlas_api,2026-07-22,2025,35.0,,,,502.12814,426.0
104010052,GALATASARAY ÜNİVERSİTESİ (İSTANBUL),Hukuk (Fransızca),Hukuk,34.0,İSTANBUL,DEVLET,,,EA,yokatlas_api,2026-07-22,2024,35.0,,,1.0,506.5822,425.0
104010052,GALATASARAY ÜNİVERSİTESİ (İSTANBUL),Hukuk (Fransızca),Hukuk,34.0,İSTANBUL,DEVLET,,,EA,yokatlas_api,2026-07-22,2023,35.0,,,,522.67095,340.0
104010052,GALATASARAY ÜNİVERSİTESİ (İSTANBUL),Hukuk (Fransızca),Hukuk,34.0,İSTANBUL,DEVLET,,,EA,yokatlas_api,2026-07-22,2022,35.0,,,,528.44829,164.0
205410283,TOBB EKONOMİ VE TEKNOLOJİ ÜNİVERSİTESİ (ANKARA),Hukuk (Burslu),Hukuk,6.0,ANKARA,VAKIF,,,EA,yokatlas_api,2026-07-22,2025,9.0,,,,494.12368,616.0
205410283,TOBB EKONOMİ VE TEKNOLOJİ ÜNİVERSİTESİ (ANKARA),Hukuk (Burslu),Hukuk,6.0,ANKARA,VAKIF,,,EA,yokatlas_api,2026-07-22,2024,14.0,2.0,1.0,,496.90655,691.0
205410283,TOBB EKONOMİ VE TEKNOLOJİ ÜNİVERSİTESİ (ANKARA),Hukuk (Burslu),Hukuk,6.0,ANKARA,VAKIF,,,EA,yokatlas_api,2026-07-22,2023,15.0,,,,511.46057,658.0
205410283,TOBB EKONOMİ VE TEKNOLOJİ ÜNİVERSİTESİ (ANKARA),Hukuk (Burslu),Hukuk,6.0,ANKARA,VAKIF,,,EA,yokatlas_api,2026-07-22,2022,14.0,,,,509.85158,689.0
204810228,ÖZYEĞİN ÜNİVERSİTESİ (İSTANBUL),Hukuk (Burslu),Hukuk,34.0,İSTANBUL,VAKIF,,,EA,yokatlas_api,2026-07-22,2025,10.0,,,,478.65655,1181.0
204810228,ÖZYEĞİN ÜNİVERSİTESİ (İSTANBUL),Hukuk (Burslu),Hukuk,34.0,İSTANBUL,VAKIF,,,EA,yokatlas_api,2026-07-22,2024,13.0,2.0,1.0,,486.42701,1091.0
204810228,ÖZYEĞİN ÜNİVERSİTESİ (İSTANBUL),Hukuk (Burslu),Hukuk,34.0,İSTANBUL,VAKIF,,,EA,yokatlas_api,2026-07-22,2023,13.0,,,,490.95125,1584.0
204810228,ÖZYEĞİN ÜNİVERSİTESİ (İSTANBUL),Hukuk (Burslu),Hukuk,34.0,İSTANBUL,VAKIF,,,EA,yokatlas_api,2026-07-22,2022,20.0,,,,496.63723,1389.0
102270035,BOĞAZİÇİ ÜNİVERSİTESİ (İSTANBUL),Hukuk,Hukuk,34.0,İSTANBUL,DEVLET,,,EA,yokatlas_api,2026-07-22,2025,60.0,,,,474.75723,1367.0
102270035,BOĞAZİÇİ ÜNİVERSİTESİ (İSTANBUL),Hukuk,Hukuk,34.0,İSTANBUL,DEVLET,,,EA,yokatlas_api,2026-07-22,2024,60.0,,,2.0,483.20477,1240.0
102270035,BOĞAZİÇİ ÜNİVERSİTESİ (İSTANBUL),Hukuk,Hukuk,34.0,İSTANBUL,DEVLET,,,EA,yokatlas_api,2026-07-22,2023,60.0,,,,496.68948,1284.0
102270035,BOĞAZİÇİ ÜNİVERSİTESİ (İSTANBUL),Hukuk,Hukuk,34.0,İSTANBUL,DEVLET,,,EA,yokatlas_api,2026-07-22,2022,60.0,,,,491.72665,1741.0
202111115,İHSAN DOĞRAMACI BİLKENT ÜNİVERSİTESİ (ANKARA),Hukuk (%50 İndirimli),Hukuk,6.0,ANKARA,VAKIF,,,EA,yokatlas_api,2026-07-22,2025,7.0,,,,471.41953,1548.0
202111115,İHSAN DOĞRAMACI BİLKENT ÜNİVERSİTESİ (ANKARA),Hukuk (%50 İndirimli),Hukuk,6.0,ANKARA,VAKIF,,,EA,yokatlas_api,2026-07-22,2024,9.0,,,,484.19353,1191.0
202111115,İHSAN DOĞRAMACI BİLKENT ÜNİVERSİTESİ (ANKARA),Hukuk (%50 İndirimli),Hukuk,6.0,ANKARA,VAKIF,,,EA,yokatlas_api,2026-07-22,2023,10.0,,,,497.14206,1262.0
202111115,İHSAN DOĞRAMACI BİLKENT ÜNİVERSİTESİ (ANKARA),Hukuk (%50 İndirimli),Hukuk,6.0,ANKARA,VAKIF,,,EA,yokatlas_api,2026-07-22,2022,10.0,,,,492.33596,1689.0
105690587,İSTANBUL ÜNİVERSİTESİ,Hukuk (UOLP-Hamburg Üniversitesi) (Ücretli),Hukuk,34.0,İSTANBUL,DEVLET,,,EA,yokatlas_api,2026-07-22,2025,10.0,,,,466.29835,1873.0
105690587,İSTANBUL ÜNİVERSİTESİ,Hukuk (UOLP-Hamburg Üniversitesi) (Ücretli),Hukuk,34.0,İSTANBUL,DEVLET,,,EA,yokatlas_api,2026-07-22,2024,10.0,,,,475.74286,1619.0
105690587,İSTANBUL ÜNİVERSİTESİ,Hukuk (UOLP-Hamburg Üniversitesi) (Ücretli),Hukuk,34.0,İSTANBUL,DEVLET,,,EA,yokatlas_api,2026-07-22,2023,10.0,,,,494.11477,1414.0
105690587,İSTANBUL ÜNİVERSİTESİ,Hukuk (UOLP-Hamburg Üniversitesi) (Ücretli),Hukuk,34.0,İSTANBUL,DEVLET,,,EA,yokatlas_api,2026-07-22,2022,10.0,,,,504.60105,933.0
206111969,YEDİTEPE ÜNİVERSİTESİ (İSTANBUL),Hukuk (Burslu),Hukuk,34.0,İSTANBUL,VAKIF,,,EA,yokatlas_api,2026-07-22,2025,10.0,,,,464.27941,2041.0
206111969,YEDİTEPE ÜNİVERSİTESİ (İSTANBUL),Hukuk (Burslu),Hukuk,34.0,İSTANBUL,VAKIF,,,EA,yokatlas_api,2026-07-22,2024,14.0,2.0,1.0,,476.80859,1559.0
206111969,YEDİTEPE ÜNİVERSİTESİ (İSTANBUL),Hukuk (Burslu),Hukuk,34.0,İSTANBUL,VAKIF,,,EA,yokatlas_api,2026-07-22,2023,15.0,,,,489.54203,1662.0
206111969,YEDİTEPE ÜNİVERSİTESİ (İSTANBUL),Hukuk (Burslu),Hukuk,34.0,İSTANBUL,VAKIF,,,EA,yokatlas_api,2026-07-22,2022,15.0,,,,503.39579,991.0
101110518,ANKARA ÜNİVERSİTESİ,Hukuk,Hukuk,6.0,ANKARA,DEVLET,,,EA,yokatlas_api,2026-07-22,2025,200.0,,,,461.84071,2233.0
101110518,ANKARA ÜNİVERSİTESİ,Hukuk,Hukuk,6.0,ANKARA,DEVLET,,,EA,yokatlas_api,2026-07-22,2024,200.0,,,5.0,456.38332,3225.0
101110518,ANKARA ÜNİVERSİTESİ,Hukuk,Hukuk,6.0,ANKARA,DEVLET,,,EA,yokatlas_api,2026-07-22,2023,500.0,,,,471.29194,3242.0
101110518,ANKARA ÜNİVERSİTESİ,Hukuk,Hukuk,6.0,ANKARA,DEVLET,,,EA,yokatlas_api,2026-07-22,2022,500.0,,,,468.87573,4387.0
104890610,HACETTEPE ÜNİVERSİTESİ (ANKARA),Hukuk,Hukuk,6.0,ANKARA,DEVLET,,,EA,yokatlas_api,2026-07-22,2025,120.0,,,,454.975,2877.0
104890610,HACETTEPE ÜNİVERSİTESİ (ANKARA),Hukuk,Hukuk,6.0,ANKARA,DEVLET,,,EA,yokatlas_api,2026-07-22,2024,120.0,,,3.0,0.0,
104890610,HACETTEPE ÜNİVERSİTESİ (ANKARA),Hukuk,Hukuk,6.0,ANKARA,DEVLET,,,EA,yokatlas_api,2026-07-22,2023,,,,,463.98076,4090.0
104890610,HACETTEPE ÜNİVERSİTESİ (ANKARA),Hukuk,Hukuk,6.0,ANKARA,DEVLET,,,EA,yokatlas_api,2026-07-22,2022,,,,,459.60861,6201.0
105610501,İSTANBUL ÜNİVERSİTESİ,Hukuk,Hukuk,34.0,İSTANBUL,DEVLET,,,EA,yokatlas_api,2026-07-22,2025,250.0,,,,451.25171,3275.0
105610501,İSTANBUL ÜNİVERSİTESİ,Hukuk,Hukuk,34.0,İSTANBUL,DEVLET,,,EA,yokatlas_api,2026-07-22,2024,250.0,,,7.0,444.70971,5560.0
105610501,İSTANBUL ÜNİVERSİTESİ,Hukuk,Hukuk,34.0,İSTANBUL,DEVLET,,,EA,yokatlas_api,2026-07-22,2023,500.0,,,,460.70338,4539.0
105610501,İSTANBUL ÜNİVERSİTESİ,Hukuk,Hukuk,34.0,İSTANBUL,DEVLET,,,EA,yokatlas_api,2026-07-22,2022,500.0,,,,463.33829,5405.0
200511568,BAHÇEŞEHİR ÜNİVERSİTESİ (İSTANBUL),Hukuk (Burslu),Hukuk,34.0,İSTANBUL,VAKIF,,,EA,yokatlas_api,2026-07-22,2025,10.0,,,,447.85828,3681.0
200511568,BAHÇEŞEHİR ÜNİVERSİTESİ (İSTANBUL),Hukuk (Burslu),Hukuk,34.0,İSTANBUL,VAKIF,,,EA,yokatlas_api,2026-07-22,2024,16.0,2.0,1.0,,449.26445,4436.0
200511568,BAHÇEŞEHİR ÜNİVERSİTESİ (İSTANBUL),Hukuk (Burslu),Hukuk,34.0,İSTANBUL,VAKIF,,,EA,yokatlas_api,2026-07-22,2023,17.0,,,,466.0765,3821.0
200511568,BAHÇEŞEHİR ÜNİVERSİTESİ (İSTANBUL),Hukuk (Burslu),Hukuk,34.0,İSTANBUL,VAKIF,,,EA,yokatlas_api,2026-07-22,2022,20.0,,,,470.13666,4201.0
203910832,KOÇ ÜNİVERSİTESİ (İSTANBUL),Hukuk (%50 İndirimli),Hukuk,34.0,İSTANBUL,VAKIF,,,EA,yokatlas_api,2026-07-22,2025,12.0,,,,444.39185,4210.0
203910832,KOÇ ÜNİVERSİTESİ (İSTANBUL),Hukuk (%50 İndirimli),Hukuk,34.0,İSTANBUL,VAKIF,,,EA,yokatlas_api,2026-07-22,2024,10.0,,,,0.0,
107210332,MARMARA ÜNİVERSİTESİ (İSTANBUL),Hukuk,Hukuk,34.0,İSTANBUL,DEVLET,,,EA,yokatlas_api,2026-07-22,2025,250.0,,,,441.65159,4745.0
107210332,MARMARA ÜNİVERSİTESİ (İSTANBUL),Hukuk,Hukuk,34.0,İSTANBUL,DEVLET,,,EA,yokatlas_api,2026-07-22,2024,250.0,,,7.0,434.45672,9005.0
107210332,MARMARA ÜNİVERSİTESİ (İSTANBUL),Hukuk,Hukuk,34.0,İSTANBUL,DEVLET,,,EA,yokatlas_api,2026-07-22,2023,350.0,,,,451.03838,6174.0
107210332,MARMARA ÜNİVERSİTESİ (İSTANBUL),Hukuk,Hukuk,34.0,İSTANBUL,DEVLET,,,EA,yokatlas_api,2026-07-22,2022,350.0,,,,448.37359,9118.0
111710412,ANKARA HACI BAYRAM VELİ ÜNİVERSİTESİ,Hukuk,Hukuk,6.0,ANKARA,DEVLET,,,EA,yokatlas_api,2026-07-22,2025,200.0,,,,440.87333,4930.0
111710412,ANKARA HACI BAYRAM VELİ ÜNİVERSİTESİ,Hukuk,Hukuk,6.0,ANKARA,DEVLET,,,EA,yokatlas_api,2026-07-22,2024,200.0,,,5.0,434.17471,9139.0
111710412,ANKARA HACI BAYRAM VELİ ÜNİVERSİTESİ,Hukuk,Hukuk,6.0,ANKARA,DEVLET,,,EA,yokatlas_api,2026-07-22,2023,300.0,,,,450.06356,6380.0
111710412,ANKARA HACI BAYRAM VELİ ÜNİVERSİTESİ,Hukuk,Hukuk,6.0,ANKARA,DEVLET,,,EA,yokatlas_api,2026-07-22,2022,300.0,,,,442.30434,11196.0
202910736,ALTINBAŞ ÜNİVERSİTESİ (İSTANBUL),Hukuk (UOLP-Köln Üniversitesi) (Burslu),Hukuk,34.0,İSTANBUL,VAKIF,,,EA,yokatlas_api,2026-07-22,2025,3.0,,,,439.91751,5130.0
202910736,ALTINBAŞ ÜNİVERSİTESİ (İSTANBUL),Hukuk (UOLP-Köln Üniversitesi) (Burslu),Hukuk,34.0,İSTANBUL,VAKIF,,,EA,yokatlas_api,2026-07-22,2024,3.0,,,,457.33426,3094.0
202910736,ALTINBAŞ ÜNİVERSİTESİ (İSTANBUL),Hukuk (UOLP-Köln Üniversitesi) (Burslu),Hukuk,34.0,İSTANBUL,VAKIF,,,EA,yokatlas_api,2026-07-22,2023,2.0,,,,479.3329,2429.0
202910736,ALTINBAŞ ÜNİVERSİTESİ (İSTANBUL),Hukuk (UOLP-Köln Üniversitesi) (Burslu),Hukuk,34.0,İSTANBUL,VAKIF,,,EA,yokatlas_api,2026-07-22,2022,2.0,,,,486.5003,2182.0
208610015,İBN HALDUN ÜNİVERSİTESİ (İSTANBUL),Hukuk (Burslu),Hukuk,34.0,İSTANBUL,VAKIF,,,EA,yokatlas_api,2026-07-22,2025,16.0,,,,439.66777,5182.0
208610015,İBN HALDUN ÜNİVERSİTESİ (İSTANBUL),Hukuk (Burslu),Hukuk,34.0,İSTANBUL,VAKIF,,,EA,yokatlas_api,2026-07-22,2024,15.0,,1.0,,425.25559,13632.0
208610015,İBN HALDUN ÜNİVERSİTESİ (İSTANBUL),Hukuk (Burslu),Hukuk,34.0,İSTANBUL,VAKIF,,,EA,yokatlas_api,2026-07-22,2023,18.0,,,,449.31149,6549.0
208610015,İBN HALDUN ÜNİVERSİTESİ (İSTANBUL),Hukuk (Burslu),Hukuk,34.0,İSTANBUL,VAKIF,,,EA,yokatlas_api,2026-07-22,2022,18.0,,,,448.57198,9052.0
202510167,İSTANBUL BİLGİ ÜNİVERSİTESİ,Hukuk (Burslu),Hukuk,34.0,İSTANBUL,VAKIF,,,EA,yokatlas_api,2026-07-22,2025,15.0,,,,438.03743,5565.0
202510167,İSTANBUL BİLGİ ÜNİVERSİTESİ,Hukuk (Burslu),Hukuk,34.0,İSTANBUL,VAKIF,,,EA,yokatlas_api,2026-07-22,2024,22.0,3.0,1.0,,432.33271,9947.0
202510167,İSTANBUL BİLGİ ÜNİVERSİTESİ,Hukuk (Burslu),Hukuk,34.0,İSTANBUL,VAKIF,,,EA,yokatlas_api,2026-07-22,2023,23.0,,,,452.1746,5947.0
202510167,İSTANBUL BİLGİ ÜNİVERSİTESİ,Hukuk (Burslu),Hukuk,34.0,İSTANBUL,VAKIF,,,EA,yokatlas_api,2026-07-22,2022,23.0,,,,459.78747,6158.0
200611328,BAŞKENT ÜNİVERSİTESİ (ANKARA),Hukuk (Burslu),Hukuk,6.0,ANKARA,VAKIF,,,EA,yokatlas_api,2026-07-22,2025,17.0,,,,437.14925,5788.0
200611328,BAŞKENT ÜNİVERSİTESİ (ANKARA),Hukuk (Burslu),Hukuk,6.0,ANKARA,VAKIF,,,EA,yokatlas_api,2026-07-22,2024,23.0,3.0,1.0,,436.55151,8183.0
200611328,BAŞKENT ÜNİVERSİTESİ (ANKARA),Hukuk (Burslu),Hukuk,6.0,ANKARA,VAKIF,,,EA,yokatlas_api,2026-07-22,2023,24.0,,,,452.87011,5791.0
200611328,BAŞKENT ÜNİVERSİTESİ (ANKARA),Hukuk (Burslu),Hukuk,6.0,ANKARA,VAKIF,,,EA,yokatlas_api,2026-07-22,2022,24.0,,,,444.87145,10270.0
203710083,KADİR HAS ÜNİVERSİTESİ (İSTANBUL),Hukuk (Burslu),Hukuk,34.0,İSTANBUL,VAKIF,,,EA,yokatlas_api,2026-07-22,2025,7.0,,,,437.0425,5817.0
203710083,KADİR HAS ÜNİVERSİTESİ (İSTANBUL),Hukuk (Burslu),Hukuk,34.0,İSTANBUL,VAKIF,,,EA,yokatlas_api,2026-07-22,2024,9.0,1.0,1.0,,429.45646,11391.0
203710083,KADİR HAS ÜNİVERSİTESİ (İSTANBUL),Hukuk (Burslu),Hukuk,34.0,İSTANBUL,VAKIF,,,EA,yokatlas_api,2026-07-22,2023,10.0,,,,437.6393,9521.0
203710083,KADİR HAS ÜNİVERSİTESİ (İSTANBUL),Hukuk (Burslu),Hukuk,34.0,İSTANBUL,VAKIF,,,EA,yokatlas_api,2026-07-22,2022,21.0,,,,439.14835,12546.0
110010023,ANKARA YILDIRIM BEYAZIT ÜNİVERSİTESİ,Hukuk,Hukuk,6.0,ANKARA,DEVLET,,,EA,yokatlas_api,2026-07-22,2025,100.0,,,,435.47305,6242.0
110010023,ANKARA YILDIRIM BEYAZIT ÜNİVERSİTESİ,Hukuk,Hukuk,6.0,ANKARA,DEVLET,,,EA,yokatlas_api,2026-07-22,2024,100.0,,,3.0,425.69776,13391.0
110010023,ANKARA YILDIRIM BEYAZIT ÜNİVERSİTESİ,Hukuk,Hukuk,6.0,ANKARA,DEVLET,,,EA,yokatlas_api,2026-07-22,2023,250.0,,,,438.49993,9239.0
110010023,ANKARA YILDIRIM BEYAZIT ÜNİVERSİTESİ,Hukuk,Hukuk,6.0,ANKARA,DEVLET,,,EA,yokatlas_api,2026-07-22,2022,250.0,,,,435.58315,14264.0
109610013,TÜRK-ALMAN ÜNİVERSİTESİ (İSTANBUL),Hukuk,Hukuk,34.0,İSTANBUL,DEVLET,,,EA,yokatlas_api,2026-07-22,2025,80.0,,,,434.73691,6459.0
109610013,TÜRK-ALMAN ÜNİVERSİTESİ (İSTANBUL),Hukuk,Hukuk,34.0,İSTANBUL,DEVLET,,,EA,yokatlas_api,2026-07-22,2024,80.0,,,2.0,429.47532,11385.0
109610013,TÜRK-ALMAN ÜNİVERSİTESİ (İSTANBUL),Hukuk,Hukuk,34.0,İSTANBUL,DEVLET,,,EA,yokatlas_api,2026-07-22,2023,110.0,,,,442.37963,8130.0
109610013,TÜRK-ALMAN ÜNİVERSİTESİ (İSTANBUL),Hukuk,Hukuk,34.0,İSTANBUL,DEVLET,,,EA,yokatlas_api,2026-07-22,2022,110.0,,,,441.24906,11620.0
110910096,ANKARA SOSYAL BİLİMLER ÜNİVERSİTESİ,Hukuk,Hukuk,6.0,ANKARA,DEVLET,,,EA,yokatlas_api,2026-07-22,2025,50.0,,,,433.40024,6906.0
110910096,ANKARA SOSYAL BİLİMLER ÜNİVERSİTESİ,Hukuk,Hukuk,6.0,ANKARA,DEVLET,,,EA,yokatlas_api,2026-07-22,2024,50.0,,,2.0,421.39513,15901.0
110910096,ANKARA SOSYAL BİLİMLER ÜNİVERSİTESİ,Hukuk,Hukuk,6.0,ANKARA,DEVLET,,,EA,yokatlas_api,2026-07-22,2023,100.0,,,,435.47497,10317.0
110910096,ANKARA SOSYAL BİLİMLER ÜNİVERSİTESİ,Hukuk,Hukuk,6.0,ANKARA,DEVLET,,,EA,yokatlas_api,2026-07-22,2022,100.0,,,,431.16372,16942.0
207210331,MEF ÜNİVERSİTESİ (İSTANBUL),Hukuk (Burslu),Hukuk,34.0,İSTANBUL,VAKIF,,,EA,yokatlas_api,2026-07-22,2025,10.0,,,,431.83437,7454.0
207210331,MEF ÜNİVERSİTESİ (İSTANBUL),Hukuk (Burslu),Hukuk,34.0,İSTANBUL,VAKIF,,,EA,yokatlas_api,2026-07-22,2024,13.0,2.0,1.0,,427.27674,12514.0
207210331,MEF ÜNİVERSİTESİ (İSTANBUL),Hukuk (Burslu),Hukuk,34.0,İSTANBUL,VAKIF,,,EA,yokatlas_api,2026-07-22,2023,14.0,,,,438.17622,9347.0
207210331,MEF ÜNİVERSİTESİ (İSTANBUL),Hukuk (Burslu),Hukuk,34.0,İSTANBUL,VAKIF,,,EA,yokatlas_api,2026-07-22,2022,20.0,,,,439.4549,12391.0
103110309,DOKUZ EYLÜL ÜNİVERSİTESİ (İZMİR),Hukuk,Hukuk,35.0,İZMİR,DEVLET,,,EA,yokatlas_api,2026-07-22,2025,200.0,,,,430.22295,8056.0
103110309,DOKUZ EYLÜL ÜNİVERSİTESİ (İZMİR),Hukuk,Hukuk,35.0,İZMİR,DEVLET,,,EA,yokatlas_api,2026-07-22,2024,200.0,,,5.0,420.90354,16194.0
103110309,DOKUZ EYLÜL ÜNİVERSİTESİ (İZMİR),Hukuk,Hukuk,35.0,İZMİR,DEVLET,,,EA,yokatlas_api,2026-07-22,2023,460.0,,,,436.94725,9736.0
103110309,DOKUZ EYLÜL ÜNİVERSİTESİ (İZMİR),Hukuk,Hukuk,35.0,İZMİR,DEVLET,,,EA,yokatlas_api,2026-07-22,2022,460.0,,,,436.98778,13564.0
201110086,ÇANKAYA ÜNİVERSİTESİ (ANKARA),Hukuk (Burslu),Hukuk,6.0,ANKARA,VAKIF,,,EA,yokatlas_api,2026-07-22,2025,17.0,,,,427.44936,9202.0
201110086,ÇANKAYA ÜNİVERSİTESİ (ANKARA),Hukuk (Burslu),Hukuk,6.0,ANKARA,VAKIF,,,EA,yokatlas_api,2026-07-22,2024,24.0,3.0,1.0,,420.25269,16615.0
201110086,ÇANKAYA ÜNİVERSİTESİ (ANKARA),Hukuk (Burslu),Hukuk,6.0,ANKARA,VAKIF,,,EA,yokatlas_api,2026-07-22,2023,23.0,,,,436.8863,9758.0
201110086,ÇANKAYA ÜNİVERSİTESİ (ANKARA),Hukuk (Burslu),Hukuk,6.0,ANKARA,VAKIF,,,EA,yokatlas_api,2026-07-22,2022,24.0,,,,433.32898,15566.0
209210059,ANKARA MEDİPOL ÜNİVERSİTESİ,Hukuk (Burslu),Hukuk,6.0,ANKARA,VAKIF,,,EA,yokatlas_api,2026-07-22,2025,13.0,,,,427.25174,9305.0
209210059,ANKARA MEDİPOL ÜNİVERSİTESİ,Hukuk (Burslu),Hukuk,6.0,ANKARA,VAKIF,,,EA,yokatlas_api,2026-07-22,2024,18.0,3.0,1.0,,418.7668,17622.0
209210059,ANKARA MEDİPOL ÜNİVERSİTESİ,Hukuk (Burslu),Hukuk,6.0,ANKARA,VAKIF,,,EA,yokatlas_api,2026-07-22,2023,19.0,,,,432.54701,11658.0
209210059,ANKARA MEDİPOL ÜNİVERSİTESİ,Hukuk (Burslu),Hukuk,6.0,ANKARA,VAKIF,,,EA,yokatlas_api,2026-07-22,2022,19.0,,,,429.32926,18381.0
105410115,İSTANBUL MEDENİYET ÜNİVERSİTESİ,Hukuk,Hukuk,34.0,İSTANBUL,DEVLET,,,EA,yokatlas_api,2026-07-22,2025,80.0,,,,426.99484,9430.0
105410115,İSTANBUL MEDENİYET ÜNİVERSİTESİ,Hukuk,Hukuk,34.0,İSTANBUL,DEVLET,,,EA,yokatlas_api,2026-07-22,2024,80.0,,,2.0,415.62521,20025.0
105410115,İSTANBUL MEDENİYET ÜNİVERSİTESİ,Hukuk,Hukuk,34.0,İSTANBUL,DEVLET,,,EA,yokatlas_api,2026-07-22,2023,190.0,,,,429.93886,13045.0
105410115,İSTANBUL MEDENİYET ÜNİVERSİTESİ,Hukuk,Hukuk,34.0,İSTANBUL,DEVLET,,,EA,yokatlas_api,2026-07-22,2022,190.0,,,,430.65047,17312.0
203110211,İSTANBUL MEDİPOL ÜNİVERSİTESİ,Hukuk (Burslu),Hukuk,34.0,İSTANBUL,VAKIF,,,EA,yokatlas_api,2026-07-22,2025,16.0,,,,426.63895,9589.0
203110211,İSTANBUL MEDİPOL ÜNİVERSİTESİ,Hukuk (Burslu),Hukuk,34.0,İSTANBUL,VAKIF,,,EA,yokatlas_api,2026-07-22,2024,23.0,3.0,1.0,,421.19387,16012.0
203110211,İSTANBUL MEDİPOL ÜNİVERSİTESİ,Hukuk (Burslu),Hukuk,34.0,İSTANBUL,VAKIF,,,EA,yokatlas_api,2026-07-22,2023,25.0,,,,434.12569,10883.0
203110211,İSTANBUL MEDİPOL ÜNİVERSİTESİ,Hukuk (Burslu),Hukuk,34.0,İSTANBUL,VAKIF,,,EA,yokatlas_api,2026-07-22,2022,25.0,,,,434.75788,14717.0
203510791,İZMİR EKONOMİ ÜNİVERSİTESİ,Hukuk (Burslu),Hukuk,35.0,İZMİR,VAKIF,,,EA,yokatlas_api,2026-07-22,2025,15.0,,,,426.36741,9715.0
203510791,İZMİR EKONOMİ ÜNİVERSİTESİ,Hukuk (Burslu),Hukuk,35.0,İZMİR,VAKIF,,,EA,yokatlas_api,2026-07-22,2024,22.0,3.0,1.0,,417.47771,18560.0
203510791,İZMİR EKONOMİ ÜNİVERSİTESİ,Hukuk (Burslu),Hukuk,35.0,İZMİR,VAKIF,,,EA,yokatlas_api,2026-07-22,2023,23.0,,,,434.25049,10823.0
203510791,İZMİR EKONOMİ ÜNİVERSİTESİ,Hukuk (Burslu),Hukuk,35.0,İZMİR,VAKIF,,,EA,yokatlas_api,2026-07-22,2022,23.0,,,,434.04004,15117.0
101010255,ANADOLU ÜNİVERSİTESİ (ESKİŞEHİR),Hukuk,Hukuk,26.0,ESKİŞEHİR,DEVLET,,,EA,yokatlas_api,2026-07-22,2025,160.0,,,,425.96214,9923.0
101010255,ANADOLU ÜNİVERSİTESİ (ESKİŞEHİR),Hukuk,Hukuk,26.0,ESKİŞEHİR,DEVLET,,,EA,yokatlas_api,2026-07-22,2024,200.0,,,5.0,416.87153,19038.0
101010255,ANADOLU ÜNİVERSİTESİ (ESKİŞEHİR),Hukuk,Hukuk,26.0,ESKİŞEHİR,DEVLET,,,EA,yokatlas_api,2026-07-22,2023,300.0,,,,433.57989,11141.0
101010255,ANADOLU ÜNİVERSİTESİ (ESKİŞEHİR),Hukuk,Hukuk,26.0,ESKİŞEHİR,DEVLET,,,EA,yokatlas_api,2026-07-22,2022,300.0,,,,431.65218,16617.0
204111948,MALTEPE ÜNİVERSİTESİ (İSTANBUL),Hukuk (Burslu),Hukuk,34.0,İSTANBUL,VAKIF,,,EA,yokatlas_api,2026-07-22,2025,4.0,,,,423.64482,11134.0
204111948,MALTEPE ÜNİVERSİTESİ (İSTANBUL),Hukuk (Burslu),Hukuk,34.0,İSTANBUL,VAKIF,,,EA,yokatlas_api,2026-07-22,2024,5.0,1.0,1.0,,413.71744,21543.0
204111948,MALTEPE ÜNİVERSİTESİ (İSTANBUL),Hukuk (Burslu),Hukuk,34.0,İSTANBUL,VAKIF,,,EA,yokatlas_api,2026-07-22,2023,2.0,,,,429.3414,13405.0
204111948,MALTEPE ÜNİVERSİTESİ (İSTANBUL),Hukuk (Burslu),Hukuk,34.0,İSTANBUL,VAKIF,,,EA,yokatlas_api,2026-07-22,2022,6.0,,,,428.16069,19321.0
100710145,AKDENİZ ÜNİVERSİTESİ (ANTALYA),Hukuk,Hukuk,7.0,ANTALYA,DEVLET,,,EA,yokatlas_api,2026-07-22,2025,100.0,,,,423.6279,11141.0
100710145,AKDENİZ ÜNİVERSİTESİ (ANTALYA),Hukuk,Hukuk,7.0,ANTALYA,DEVLET,,,EA,yokatlas_api,2026-07-22,2024,100.0,,,3.0,413.7339,21528.0
100710145,AKDENİZ ÜNİVERSİTESİ (ANTALYA),Hukuk,Hukuk,7.0,ANTALYA,DEVLET,,,EA,yokatlas_api,2026-07-22,2023,200.0,,,,429.87547,13084.0
100710145,AKDENİZ ÜNİVERSİTESİ (ANTALYA),Hukuk,Hukuk,7.0,ANTALYA,DEVLET,,,EA,yokatlas_api,2026-07-22,2022,200.0,,,,428.86893,18728.0
103890226,ESKİŞEHİR OSMANGAZİ ÜNİVERSİTESİ,Hukuk,Hukuk,26.0,ESKİŞEHİR,DEVLET,,,EA,yokatlas_api,2026-07-22,2025,70.0,,,,422.8101,11550.0
103890226,ESKİŞEHİR OSMANGAZİ ÜNİVERSİTESİ,Hukuk,Hukuk,26.0,ESKİŞEHİR,DEVLET,,,EA,yokatlas_api,2026-07-22,2024,70.0,,,2.0,413.85285,21451.0
103890226,ESKİŞEHİR OSMANGAZİ ÜNİVERSİTESİ,Hukuk,Hukuk,26.0,ESKİŞEHİR,DEVLET,,,EA,yokatlas_api,2026-07-22,2023,80.0,,,,429.72506,13166.0
103890226,ESKİŞEHİR OSMANGAZİ ÜNİVERSİTESİ,Hukuk,Hukuk,26.0,ESKİŞEHİR,DEVLET,,,EA,yokatlas_api,2026-07-22,2022,80.0,,,,428.33915,19178.0
109710215,BURSA ULUDAĞ ÜNİVERSİTESİ,Hukuk,Hukuk,16.0,BURSA,DEVLET,,,EA,yokatlas_api,2026-07-22,2025,100.0,,,,421.16584,12546.0
109710215,BURSA ULUDAĞ ÜNİVERSİTESİ,Hukuk,Hukuk,16.0,BURSA,DEVLET,,,EA,yokatlas_api,2026-07-22,2024,100.0,,,3.0,410.16926,24427.0
109710215,BURSA ULUDAĞ ÜNİVERSİTESİ,Hukuk,Hukuk,16.0,BURSA,DEVLET,,,EA,yokatlas_api,2026-07-22,2023,220.0,,,,426.17612,15492.0
109710215,BURSA ULUDAĞ ÜNİVERSİTESİ,Hukuk,Hukuk,16.0,BURSA,DEVLET,,,EA,yokatlas_api,2026-07-22,2022,220.0,,,,424.80483,22378.0
108910401,SELÇUK ÜNİVERSİTESİ (KONYA),Hukuk,Hukuk,42.0,KONYA,DEVLET,,,EA,yokatlas_api,2026-07-22,2025,120.0,,,,420.70222,12792.0
108910401,SELÇUK ÜNİVERSİTESİ (KONYA),Hukuk,Hukuk,42.0,KONYA,DEVLET,,,EA,yokatlas_api,2026-07-22,2024,100.0,,,3.0,408.51846,25940.0
108910401,SELÇUK ÜNİVERSİTESİ (KONYA),Hukuk,Hukuk,42.0,KONYA,DEVLET,,,EA,yokatlas_api,2026-07-22,2023,250.0,,,,424.21107,16929.0
108910401,SELÇUK ÜNİVERSİTESİ (KONYA),Hukuk,Hukuk,42.0,KONYA,DEVLET,,,EA,yokatlas_api,2026-07-22,2022,250.0,,,,424.40418,22769.0
200210582,ATILIM ÜNİVERSİTESİ (ANKARA),Hukuk (Burslu),Hukuk,6.0,ANKARA,VAKIF,,,EA,yokatlas_api,2026-07-22,2025,17.0,,,,419.79278,13324.0
200210582,ATILIM ÜNİVERSİTESİ (ANKARA),Hukuk (Burslu),Hukuk,6.0,ANKARA,VAKIF,,,EA,yokatlas_api,2026-07-22,2024,25.0,4.0,1.0,,412.76767,22221.0
200210582,ATILIM ÜNİVERSİTESİ (ANKARA),Hukuk (Burslu),Hukuk,6.0,ANKARA,VAKIF,,,EA,yokatlas_api,2026-07-22,2023,26.0,,,,429.15037,13514.0
200210582,ATILIM ÜNİVERSİTESİ (ANKARA),Hukuk (Burslu),Hukuk,6.0,ANKARA,VAKIF,,,EA,yokatlas_api,2026-07-22,2022,26.0,,,,428.68965,18873.0
206010487,YAŞAR ÜNİVERSİTESİ (İZMİR),Hukuk (Burslu),Hukuk,35.0,İZMİR,VAKIF,,,EA,yokatlas_api,2026-07-22,2025,12.0,,,,419.47065,13543.0
206010487,YAŞAR ÜNİVERSİTESİ (İZMİR),Hukuk (Burslu),Hukuk,35.0,İZMİR,VAKIF,,,EA,yokatlas_api,2026-07-22,2024,17.0,3.0,1.0,,409.86232,24740.0
206010487,YAŞAR ÜNİVERSİTESİ (İZMİR),Hukuk (Burslu),Hukuk,35.0,İZMİR,VAKIF,,,EA,yokatlas_api,2026-07-22,2023,18.0,,,,428.9021,13659.0
206010487,YAŞAR ÜNİVERSİTESİ (İZMİR),Hukuk (Burslu),Hukuk,35.0,İZMİR,VAKIF,,,EA,yokatlas_api,2026-07-22,2022,18.0,,,,430.35105,17561.0
209510039,ANKARA BİLİM ÜNİVERSİTESİ,Hukuk (Burslu),Hukuk,6.0,ANKARA,VAKIF,,,EA,yokatlas_api,2026-07-22,2025,8.0,,,,419.0631,13802.0
209510039,ANKARA BİLİM ÜNİVERSİTESİ,Hukuk (Burslu),Hukuk,6.0,ANKARA,VAKIF,,,EA,yokatlas_api,2026-07-22,2024,10.0,2.0,1.0,,410.73496,23890.0
209510039,ANKARA BİLİM ÜNİVERSİTESİ,Hukuk (Burslu),Hukuk,6.0,ANKARA,VAKIF,,,EA,yokatlas_api,2026-07-22,2023,10.0,,,,423.78579,17246.0
209510039,ANKARA BİLİM ÜNİVERSİTESİ,Hukuk (Burslu),Hukuk,6.0,ANKARA,VAKIF,,,EA,yokatlas_api,2026-07-22,2022,10.0,,,,413.8573,35445.0
203410086,İSTANBUL TİCARET ÜNİVERSİTESİ,Hukuk (Burslu),Hukuk,34.0,İSTANBUL,VAKIF,,,EA,yokatlas_api,2026-07-22,2025,15.0,,,,419.02412,13832.0
203410086,İSTANBUL TİCARET ÜNİVERSİTESİ,Hukuk (Burslu),Hukuk,34.0,İSTANBUL,VAKIF,,,EA,yokatlas_api,2026-07-22,2024,21.0,3.0,1.0,,411.01155,23695.0
203410086,İSTANBUL TİCARET ÜNİVERSİTESİ,Hukuk (Burslu),Hukuk,34.0,İSTANBUL,VAKIF,,,EA,yokatlas_api,2026-07-22,2023,23.0,,,,427.16478,14786.0
203410086,İSTANBUL TİCARET ÜNİVERSİTESİ,Hukuk (Burslu),Hukuk,34.0,İSTANBUL,VAKIF,,,EA,yokatlas_api,2026-07-22,2022,23.0,,,,426.71339,20567.0
203010187,İSTANBUL KÜLTÜR ÜNİVERSİTESİ,Hukuk (Burslu),Hukuk,34.0,İSTANBUL,VAKIF,,,EA,yokatlas_api,2026-07-22,2025,15.0,,,,418.4409,14189.0
203010187,İSTANBUL KÜLTÜR ÜNİVERSİTESİ,Hukuk (Burslu),Hukuk,34.0,İSTANBUL,VAKIF,,,EA,yokatlas_api,2026-07-22,2024,22.0,3.0,1.0,,411.56424,23217.0
203010187,İSTANBUL KÜLTÜR ÜNİVERSİTESİ,Hukuk (Burslu),Hukuk,34.0,İSTANBUL,VAKIF,,,EA,yokatlas_api,2026-07-22,2023,23.0,,,,429.68493,13198.0
203010187,İSTANBUL KÜLTÜR ÜNİVERSİTESİ,Hukuk (Burslu),Hukuk,34.0,İSTANBUL,VAKIF,,,EA,yokatlas_api,2026-07-22,2022,23.0,,,,430.83237,17192.0
106910179,KOCAELİ ÜNİVERSİTESİ,Hukuk,Hukuk,41.0,KOCAELİ,DEVLET,,,EA,yokatlas_api,2026-07-22,2025,120.0,,,,417.87983,14522.0
106910179,KOCAELİ ÜNİVERSİTESİ,Hukuk,Hukuk,41.0,KOCAELİ,DEVLET,,,EA,yokatlas_api,2026-07-22,2024,120.0,,,3.0,404.42743,29773.0
106910179,KOCAELİ ÜNİVERSİTESİ,Hukuk,Hukuk,41.0,KOCAELİ,DEVLET,,,EA,yokatlas_api,2026-07-22,2023,280.0,,,,419.88043,20567.0
106910179,KOCAELİ ÜNİVERSİTESİ,Hukuk,Hukuk,41.0,KOCAELİ,DEVLET,,,EA,yokatlas_api,2026-07-22,2022,280.0,,,,419.82169,27712.0
210301417,İSTANBUL BEYKENT ÜNİVERSİTESİ,Hukuk (Burslu),Hukuk,34.0,İSTANBUL,VAKIF,,,EA,yokatlas_api,2026-07-22,2025,6.0,,,,417.12373,15021.0
210301417,İSTANBUL BEYKENT ÜNİVERSİTESİ,Hukuk (Burslu),Hukuk,34.0,İSTANBUL,VAKIF,,,EA,yokatlas_api,2026-07-22,2024,8.0,1.0,1.0,,409.74467,24833.0
210301417,İSTANBUL BEYKENT ÜNİVERSİTESİ,Hukuk (Burslu),Hukuk,34.0,İSTANBUL,VAKIF,,,EA,yokatlas_api,2026-07-22,2023,8.0,,,,426.45062,15308.0
210301417,İSTANBUL BEYKENT ÜNİVERSİTESİ,Hukuk (Burslu),Hukuk,34.0,İSTANBUL,VAKIF,,,EA,yokatlas_api,2026-07-22,2022,10.0,,,,426.3629,20894.0
105761158,İZMİR KATİP ÇELEBİ ÜNİVERSİTESİ,Hukuk,Hukuk,35.0,İZMİR,DEVLET,,,EA,yokatlas_api,2026-07-22,2025,60.0,,,,416.97723,15132.0
105761158,İZMİR KATİP ÇELEBİ ÜNİVERSİTESİ,Hukuk,Hukuk,35.0,İZMİR,DEVLET,,,EA,yokatlas_api,2026-07-22,2024,60.0,,,2.0,404.38674,29824.0
105761158,İZMİR KATİP ÇELEBİ ÜNİVERSİTESİ,Hukuk,Hukuk,35.0,İZMİR,DEVLET,,,EA,yokatlas_api,2026-07-22,2023,60.0,,,,416.42634,23926.0
105761158,İZMİR KATİP ÇELEBİ ÜNİVERSİTESİ,Hukuk,Hukuk,35.0,İZMİR,DEVLET,,,EA,yokatlas_api,2026-07-22,2022,60.0,,,,0.0,
204950395,PİRİ REİS ÜNİVERSİTESİ (İSTANBUL),Hukuk (Burslu),Hukuk,34.0,İSTANBUL,VAKIF,,,EA,yokatlas_api,2026-07-22,2025,6.0,,,,416.21628,15597.0
204950395,PİRİ REİS ÜNİVERSİTESİ (İSTANBUL),Hukuk (Burslu),Hukuk,34.0,İSTANBUL,VAKIF,,,EA,yokatlas_api,2026-07-22,2024,8.0,1.0,1.0,,407.03771,27287.0
204950395,PİRİ REİS ÜNİVERSİTESİ (İSTANBUL),Hukuk (Burslu),Hukuk,34.0,İSTANBUL,VAKIF,,,EA,yokatlas_api,2026-07-22,2023,8.0,,,,421.1195,19494.0
204950395,PİRİ REİS ÜNİVERSİTESİ (İSTANBUL),Hukuk (Burslu),Hukuk,34.0,İSTANBUL,VAKIF,,,EA,yokatlas_api,2026-07-22,2022,9.0,,,,422.21015,25022.0
205850563,UFUK ÜNİVERSİTESİ (ANKARA),Hukuk (Burslu),Hukuk,6.0,ANKARA,VAKIF,,,EA,yokatlas_api,2026-07-22,2025,10.0,,,,416.03613,15710.0
205850563,UFUK ÜNİVERSİTESİ (ANKARA),Hukuk (Burslu),Hukuk,6.0,ANKARA,VAKIF,,,EA,yokatlas_api,2026-07-22,2024,15.0,2.0,1.0,,406.4752,27807.0
205850563,UFUK ÜNİVERSİTESİ (ANKARA),Hukuk (Burslu),Hukuk,6.0,ANKARA,VAKIF,,,EA,yokatlas_api,2026-07-22,2023,16.0,,,,425.1706,16193.0
205850563,UFUK ÜNİVERSİTESİ (ANKARA),Hukuk (Burslu),Hukuk,6.0,ANKARA,VAKIF,,,EA,yokatlas_api,2026-07-22,2022,16.0,,,,423.9373,23212.0
202410502,İSTANBUL AYDIN ÜNİVERSİTESİ,Hukuk (Burslu),Hukuk,34.0,İSTANBUL,VAKIF,,,EA,yokatlas_api,2026-07-22,2025,14.0,,,,415.65197,15983.0
202410502,İSTANBUL AYDIN ÜNİVERSİTESİ,Hukuk (Burslu),Hukuk,34.0,İSTANBUL,VAKIF,,,EA,yokatlas_api,2026-07-22,2024,20.0,3.0,1.0,,405.31683,28886.0
202410502,İSTANBUL AYDIN ÜNİVERSİTESİ,Hukuk (Burslu),Hukuk,34.0,İSTANBUL,VAKIF,,,EA,yokatlas_api,2026-07-22,2023,21.0,,,,423.40384,17557.0
202410502,İSTANBUL AYDIN ÜNİVERSİTESİ,Hukuk (Burslu),Hukuk,34.0,İSTANBUL,VAKIF,,,EA,yokatlas_api,2026-07-22,2022,26.0,,,,424.47289,22700.0
203210731,İSTANBUL SABAHATTİN ZAİM ÜNİVERSİTESİ,Hukuk (Burslu),Hukuk,34.0,İSTANBUL,VAKIF,,,EA,yokatlas_api,2026-07-22,2025,16.0,,,,414.60786,16748.0
203210731,İSTANBUL SABAHATTİN ZAİM ÜNİVERSİTESİ,Hukuk (Burslu),Hukuk,34.0,İSTANBUL,VAKIF,,,EA,yokatlas_api,2026-07-22,2024,23.0,3.0,1.0,,405.32961,28872.0
203210731,İSTANBUL SABAHATTİN ZAİM ÜNİVERSİTESİ,Hukuk (Burslu),Hukuk,34.0,İSTANBUL,VAKIF,,,EA,yokatlas_api,2026-07-22,2023,22.0,,,,423.40926,17552.0
203210731,İSTANBUL SABAHATTİN ZAİM ÜNİVERSİTESİ,Hukuk (Burslu),Hukuk,34.0,İSTANBUL,VAKIF,,,EA,yokatlas_api,2026-07-22,2022,23.0,,,,426.30009,20949.0
103510235,ERCİYES ÜNİVERSİTESİ (KAYSERİ),Hukuk,Hukuk,38.0,KAYSERİ,DEVLET,,,EA,yokatlas_api,2026-07-22,2025,100.0,,,,414.40472,16883.0
103510235,ERCİYES ÜNİVERSİTESİ (KAYSERİ),Hukuk,Hukuk,38.0,KAYSERİ,DEVLET,,,EA,yokatlas_api,2026-07-22,2024,100.0,,,3.0,398.74042,35752.0
103510235,ERCİYES ÜNİVERSİTESİ (KAYSERİ),Hukuk,Hukuk,38.0,KAYSERİ,DEVLET,,,EA,yokatlas_api,2026-07-22,2023,230.0,,,,416.16303,24202.0
103510235,ERCİYES ÜNİVERSİTESİ (KAYSERİ),Hukuk,Hukuk,38.0,KAYSERİ,DEVLET,,,EA,yokatlas_api,2026-07-22,2022,230.0,,,,417.91887,30052.0
102910482,ÇUKUROVA ÜNİVERSİTESİ (ADANA),Hukuk,Hukuk,1.0,ADANA,DEVLET,,,EA,yokatlas_api,2026-07-22,2025,100.0,,,,414.35795,16915.0
102910482,ÇUKUROVA ÜNİVERSİTESİ (ADANA),Hukuk,Hukuk,1.0,ADANA,DEVLET,,,EA,yokatlas_api,2026-07-22,2024,100.0,,10.0,3.0,401.31768,32985.0
102910482,ÇUKUROVA ÜNİVERSİTESİ (ADANA),Hukuk,Hukuk,1.0,ADANA,DEVLET,,,EA,yokatlas_api,2026-07-22,2023,190.0,,,,418.96471,21410.0
102910482,ÇUKUROVA ÜNİVERSİTESİ (ADANA),Hukuk,Hukuk,1.0,ADANA,DEVLET,,,EA,yokatlas_api,2026-07-22,2022,190.0,,,,420.21523,27255.0
101590157,BALIKESİR ÜNİVERSİTESİ,Hukuk,Hukuk,10.0,BALIKESİR,DEVLET,,,EA,yokatlas_api,2026-07-22,2025,50.0,,,,412.61181,18185.0
101590157,BALIKESİR ÜNİVERSİTESİ,Hukuk,Hukuk,10.0,BALIKESİR,DEVLET,,,EA,yokatlas_api,2026-07-22,2024,50.0,,,2.0,398.43499,36096.0
101590157,BALIKESİR ÜNİVERSİTESİ,Hukuk,Hukuk,10.0,BALIKESİR,DEVLET,,,EA,yokatlas_api,2026-07-22,2023,70.0,,,,414.42924,26062.0
101590157,BALIKESİR ÜNİVERSİTESİ,Hukuk,Hukuk,10.0,BALIKESİR,DEVLET,,,EA,yokatlas_api,2026-07-22,2022,70.0,,,,416.29557,32135.0
202210338,İSTANBUL 29 MAYIS ÜNİVERSİTESİ,Hukuk (Burslu),Hukuk,34.0,İSTANBUL,VAKIF,,,EA,yokatlas_api,2026-07-22,2025,17.0,,,,411.49812,19040.0
202210338,İSTANBUL 29 MAYIS ÜNİVERSİTESİ,Hukuk (Burslu),Hukuk,34.0,İSTANBUL,VAKIF,,,EA,yokatlas_api,2026-07-22,2024,25.0,4.0,1.0,,400.81244,33542.0
202210338,İSTANBUL 29 MAYIS ÜNİVERSİTESİ,Hukuk (Burslu),Hukuk,34.0,İSTANBUL,VAKIF,,,EA,yokatlas_api,2026-07-22,2023,26.0,,,,425.10231,16238.0
202210338,İSTANBUL 29 MAYIS ÜNİVERSİTESİ,Hukuk (Burslu),Hukuk,34.0,İSTANBUL,VAKIF,,,EA,yokatlas_api,2026-07-22,2022,27.0,,,,426.76159,20530.0
108690097,PAMUKKALE ÜNİVERSİTESİ (DENİZLİ),Hukuk,Hukuk,20.0,DENİZLİ,DEVLET,,,EA,yokatlas_api,2026-07-22,2025,60.0,,,,411.30774,19177.0
108690097,PAMUKKALE ÜNİVERSİTESİ (DENİZLİ),Hukuk,Hukuk,20.0,DENİZLİ,DEVLET,,,EA,yokatlas_api,2026-07-22,2024,50.0,,,2.0,396.56895,38298.0
108690097,PAMUKKALE ÜNİVERSİTESİ (DENİZLİ),Hukuk,Hukuk,20.0,DENİZLİ,DEVLET,,,EA,yokatlas_api,2026-07-22,2023,130.0,,,,413.94185,26643.0
108690097,PAMUKKALE ÜNİVERSİTESİ (DENİZLİ),Hukuk,Hukuk,20.0,DENİZLİ,DEVLET,,,EA,yokatlas_api,2026-07-22,2022,130.0,,,,415.55713,33164.0
205410362,TOBB EKONOMİ VE TEKNOLOJİ ÜNİVERSİTESİ (ANKARA),Hukuk (%50 İndirimli),Hukuk,6.0,ANKARA,VAKIF,,,EA,yokatlas_api,2026-07-22,2025,40.0,,,,410.93445,19489.0
205410362,TOBB EKONOMİ VE TEKNOLOJİ ÜNİVERSİTESİ (ANKARA),Hukuk (%50 İndirimli),Hukuk,6.0,ANKARA,VAKIF,,,EA,yokatlas_api,2026-07-22,2024,36.0,,,,414.74537,20734.0
205410362,TOBB EKONOMİ VE TEKNOLOJİ ÜNİVERSİTESİ (ANKARA),Hukuk (%50 İndirimli),Hukuk,6.0,ANKARA,VAKIF,,,EA,yokatlas_api,2026-07-22,2023,38.0,,,,426.79623,15043.0
205410362,TOBB EKONOMİ VE TEKNOLOJİ ÜNİVERSİTESİ (ANKARA),Hukuk (%50 İndirimli),Hukuk,6.0,ANKARA,VAKIF,,,EA,yokatlas_api,2026-07-22,2022,38.0,,,,429.3915,18317.0
108810774,SAKARYA ÜNİVERSİTESİ,Hukuk,Hukuk,54.0,SAKARYA,DEVLET,,,EA,yokatlas_api,2026-07-22,2025,100.0,,,,410.90835,19503.0
108810774,SAKARYA ÜNİVERSİTESİ,Hukuk,Hukuk,54.0,SAKARYA,DEVLET,,,EA,yokatlas_api,2026-07-22,2024,100.0,,,3.0,395.71432,39338.0
108810774,SAKARYA ÜNİVERSİTESİ,Hukuk,Hukuk,54.0,SAKARYA,DEVLET,,,EA,yokatlas_api,2026-07-22,2023,240.0,,,,412.42116,28382.0
108810774,SAKARYA ÜNİVERSİTESİ,Hukuk,Hukuk,54.0,SAKARYA,DEVLET,,,EA,yokatlas_api,2026-07-22,2022,240.0,,,,412.80912,36972.0
111110062,İZMİR DEMOKRASİ ÜNİVERSİTESİ,Hukuk,Hukuk,35.0,İZMİR,DEVLET,,,EA,yokatlas_api,2026-07-22,2025,60.0,,,,410.77971,19599.0
111110062,İZMİR DEMOKRASİ ÜNİVERSİTESİ,Hukuk,Hukuk,35.0,İZMİR,DEVLET,,,EA,yokatlas_api,2026-07-22,2024,60.0,,,2.0,398.85671,35621.0
111110062,İZMİR DEMOKRASİ ÜNİVERSİTESİ,Hukuk,Hukuk,35.0,İZMİR,DEVLET,,,EA,yokatlas_api,2026-07-22,2023,120.0,,,,419.26465,21116.0
111110062,İZMİR DEMOKRASİ ÜNİVERSİTESİ,Hukuk,Hukuk,35.0,İZMİR,DEVLET,,,EA,yokatlas_api,2026-07-22,2022,120.0,,,,420.78835,26586.0
201410295,FATİH SULTAN MEHMET VAKIF ÜNİVERSİTESİ (İSTANBUL),Hukuk (Burslu),Hukuk,34.0,İSTANBUL,VAKIF,,,EA,yokatlas_api,2026-07-22,2025,14.0,,,,410.53529,19790.0
201410295,FATİH SULTAN MEHMET VAKIF ÜNİVERSİTESİ (İSTANBUL),Hukuk (Burslu),Hukuk,34.0,İSTANBUL,VAKIF,,,EA,yokatlas_api,2026-07-22,2024,20.0,3.0,1.0,,400.90884,33437.0
201410295,FATİH SULTAN MEHMET VAKIF ÜNİVERSİTESİ (İSTANBUL),Hukuk (Burslu),Hukuk,34.0,İSTANBUL,VAKIF,,,EA,yokatlas_api,2026-07-22,2023,21.0,,,,421.07684,19536.0
201410295,FATİH SULTAN MEHMET VAKIF ÜNİVERSİTESİ (İSTANBUL),Hukuk (Burslu),Hukuk,34.0,İSTANBUL,VAKIF,,,EA,yokatlas_api,2026-07-22,2022,20.0,,,,421.86178,25407.0
204711051,İSTANBUL OKAN ÜNİVERSİTESİ,Hukuk (Burslu),Hukuk,34.0,İSTANBUL,VAKIF,,,EA,yokatlas_api,2026-07-22,2025,8.0,,,,410.0602,20196.0
204711051,İSTANBUL OKAN ÜNİVERSİTESİ,Hukuk (Burslu),Hukuk,34.0,İSTANBUL,VAKIF,,,EA,yokatlas_api,2026-07-22,2024,10.0,2.0,1.0,,400.65236,33736.0
204711051,İSTANBUL OKAN ÜNİVERSİTESİ,Hukuk (Burslu),Hukuk,34.0,İSTANBUL,VAKIF,,,EA,yokatlas_api,2026-07-22,2023,11.0,,,,418.29685,22055.0
204711051,İSTANBUL OKAN ÜNİVERSİTESİ,Hukuk (Burslu),Hukuk,34.0,İSTANBUL,VAKIF,,,EA,yokatlas_api,2026-07-22,2022,11.0,,,,420.48531,26950.0
112910024,İZMİR BAKIRÇAY ÜNİVERSİTESİ,Hukuk,Hukuk,35.0,İZMİR,DEVLET,,,EA,yokatlas_api,2026-07-22,2025,100.0,,,,409.64053,20547.0
112910024,İZMİR BAKIRÇAY ÜNİVERSİTESİ,Hukuk,Hukuk,35.0,İZMİR,DEVLET,,,EA,yokatlas_api,2026-07-22,2024,100.0,,,3.0,397.19852,37541.0
112910024,İZMİR BAKIRÇAY ÜNİVERSİTESİ,Hukuk,Hukuk,35.0,İZMİR,DEVLET,,,EA,yokatlas_api,2026-07-22,2023,160.0,,,,414.30344,26208.0
112910024,İZMİR BAKIRÇAY ÜNİVERSİTESİ,Hukuk,Hukuk,35.0,İZMİR,DEVLET,,,EA,yokatlas_api,2026-07-22,2022,160.0,,,,416.76291,31550.0
206410660,ANTALYA BİLİM ÜNİVERSİTESİ,Hukuk (Burslu),Hukuk,7.0,ANTALYA,VAKIF,,,EA,yokatlas_api,2026-07-22,2025,12.0,,,,409.61502,20569.0
206410660,ANTALYA BİLİM ÜNİVERSİTESİ,Hukuk (Burslu),Hukuk,7.0,ANTALYA,VAKIF,,,EA,yokatlas_api,2026-07-22,2024,18.0,3.0,1.0,,398.66898,35838.0
206410660,ANTALYA BİLİM ÜNİVERSİTESİ,Hukuk (Burslu),Hukuk,7.0,ANTALYA,VAKIF,,,EA,yokatlas_api,2026-07-22,2023,19.0,,,,416.41401,23940.0
206410660,ANTALYA BİLİM ÜNİVERSİTESİ,Hukuk (Burslu),Hukuk,7.0,ANTALYA,VAKIF,,,EA,yokatlas_api,2026-07-22,2022,19.0,,,,417.7185,30319.0
100190208,BOLU ABANT İZZET BAYSAL ÜNİVERSİTESİ,Hukuk,Hukuk,14.0,BOLU,DEVLET,,,EA,yokatlas_api,2026-07-22,2025,60.0,,,,409.19987,20927.0
100190208,BOLU ABANT İZZET BAYSAL ÜNİVERSİTESİ,Hukuk,Hukuk,14.0,BOLU,DEVLET,,,EA,yokatlas_api,2026-07-22,2024,60.0,,,2.0,394.19152,41263.0
100190208,BOLU ABANT İZZET BAYSAL ÜNİVERSİTESİ,Hukuk,Hukuk,14.0,BOLU,DEVLET,,,EA,yokatlas_api,2026-07-22,2023,90.0,,,,412.20157,28668.0
100190208,BOLU ABANT İZZET BAYSAL ÜNİVERSİTESİ,Hukuk,Hukuk,14.0,BOLU,DEVLET,,,EA,yokatlas_api,2026-07-22,2022,90.0,,,,414.28553,34834.0
108210841,ONDOKUZ MAYIS ÜNİVERSİTESİ (SAMSUN),Hukuk,Hukuk,55.0,SAMSUN,DEVLET,,,EA,yokatlas_api,2026-07-22,2025,75.0,,,,407.89444,22084.0
108210841,ONDOKUZ MAYIS ÜNİVERSİTESİ (SAMSUN),Hukuk,Hukuk,55.0,SAMSUN,DEVLET,,,EA,yokatlas_api,2026-07-22,2024,75.0,,,2.0,394.16886,41290.0
108210841,ONDOKUZ MAYIS ÜNİVERSİTESİ (SAMSUN),Hukuk,Hukuk,55.0,SAMSUN,DEVLET,,,EA,yokatlas_api,2026-07-22,2023,130.0,,,,412.10178,28789.0
108210841,ONDOKUZ MAYIS ÜNİVERSİTESİ (SAMSUN),Hukuk,Hukuk,55.0,SAMSUN,DEVLET,,,EA,yokatlas_api,2026-07-22,2022,130.0,,,,413.34739,36180.0
201210588,DOĞUŞ ÜNİVERSİTESİ (İSTANBUL),Hukuk (Burslu),Hukuk,34.0,İSTANBUL,VAKIF,,,EA,yokatlas_api,2026-07-22,2025,10.0,,,,407.13709,22758.0
201210588,DOĞUŞ ÜNİVERSİTESİ (İSTANBUL),Hukuk (Burslu),Hukuk,34.0,İSTANBUL,VAKIF,,,EA,yokatlas_api,2026-07-22,2024,12.0,2.0,1.0,,397.24466,37495.0
201210588,DOĞUŞ ÜNİVERSİTESİ (İSTANBUL),Hukuk (Burslu),Hukuk,34.0,İSTANBUL,VAKIF,,,EA,yokatlas_api,2026-07-22,2023,13.0,,,,418.23597,22112.0
201210588,DOĞUŞ ÜNİVERSİTESİ (İSTANBUL),Hukuk (Burslu),Hukuk,34.0,İSTANBUL,VAKIF,,,EA,yokatlas_api,2026-07-22,2022,13.0,,,,415.97914,32585.0
106610146,KIRIKKALE ÜNİVERSİTESİ,Hukuk,Hukuk,71.0,KIRIKKALE,DEVLET,,,EA,yokatlas_api,2026-07-22,2025,100.0,,,,407.0464,22837.0
106610146,KIRIKKALE ÜNİVERSİTESİ,Hukuk,Hukuk,71.0,KIRIKKALE,DEVLET,,,EA,yokatlas_api,2026-07-22,2024,100.0,,,3.0,392.64817,43254.0
106610146,KIRIKKALE ÜNİVERSİTESİ,Hukuk,Hukuk,71.0,KIRIKKALE,DEVLET,,,EA,yokatlas_api,2026-07-22,2023,200.0,,,,408.33832,33447.0
106610146,KIRIKKALE ÜNİVERSİTESİ,Hukuk,Hukuk,71.0,KIRIKKALE,DEVLET,,,EA,yokatlas_api,2026-07-22,2022,200.0,,,,411.08003,39504.0
206210634,İSTANBUL YENİ YÜZYIL ÜNİVERSİTESİ,Hukuk (Burslu),Hukuk,34.0,İSTANBUL,VAKIF,,,EA,yokatlas_api,2026-07-22,2025,9.0,,,,406.01805,23795.0
206210634,İSTANBUL YENİ YÜZYIL ÜNİVERSİTESİ,Hukuk (Burslu),Hukuk,34.0,İSTANBUL,VAKIF,,,EA,yokatlas_api,2026-07-22,2024,10.0,2.0,1.0,,395.35925,39769.0
206210634,İSTANBUL YENİ YÜZYIL ÜNİVERSİTESİ,Hukuk (Burslu),Hukuk,34.0,İSTANBUL,VAKIF,,,EA,yokatlas_api,2026-07-22,2023,11.0,,,,417.62486,22709.0
206210634,İSTANBUL YENİ YÜZYIL ÜNİVERSİTESİ,Hukuk (Burslu),Hukuk,34.0,İSTANBUL,VAKIF,,,EA,yokatlas_api,2026-07-22,2022,11.0,,,,420.54199,26892.0
107010767,NECMETTİN ERBAKAN ÜNİVERSİTESİ (KONYA),Hukuk,Hukuk,42.0,KONYA,DEVLET,,,EA,yokatlas_api,2026-07-22,2025,90.0,,,,405.66362,24135.0
107010767,NECMETTİN ERBAKAN ÜNİVERSİTESİ (KONYA),Hukuk,Hukuk,42.0,KONYA,DEVLET,,,EA,yokatlas_api,2026-07-22,2024,90.0,,,3.0,391.25083,45089.0
107010767,NECMETTİN ERBAKAN ÜNİVERSİTESİ (KONYA),Hukuk,Hukuk,42.0,KONYA,DEVLET,,,EA,yokatlas_api,2026-07-22,2023,130.0,,,,406.86287,35363.0
107010767,NECMETTİN ERBAKAN ÜNİVERSİTESİ (KONYA),Hukuk,Hukuk,42.0,KONYA,DEVLET,,,EA,yokatlas_api,2026-07-22,2022,130.0,,,,408.03123,44203.0
109210759,SÜLEYMAN DEMİREL ÜNİVERSİTESİ (ISPARTA),Hukuk,Hukuk,32.0,ISPARTA,DEVLET,,,EA,yokatlas_api,2026-07-22,2025,100.0,,,,405.48081,24296.0
109210759,SÜLEYMAN DEMİREL ÜNİVERSİTESİ (ISPARTA),Hukuk,Hukuk,32.0,ISPARTA,DEVLET,,,EA,yokatlas_api,2026-07-22,2024,100.0,,,3.0,390.56882,46014.0
109210759,SÜLEYMAN DEMİREL ÜNİVERSİTESİ (ISPARTA),Hukuk,Hukuk,32.0,ISPARTA,DEVLET,,,EA,yokatlas_api,2026-07-22,2023,220.0,,,,407.47434,34545.0
109210759,SÜLEYMAN DEMİREL ÜNİVERSİTESİ (ISPARTA),Hukuk,Hukuk,32.0,ISPARTA,DEVLET,,,EA,yokatlas_api,2026-07-22,2022,220.0,,,,407.68374,44760.0
204610471,NUH NACİ YAZGAN ÜNİVERSİTESİ (KAYSERİ),Hukuk (Burslu),Hukuk,38.0,KAYSERİ,VAKIF,,,EA,yokatlas_api,2026-07-22,2025,4.0,,,,404.72192,25024.0
204610471,NUH NACİ YAZGAN ÜNİVERSİTESİ (KAYSERİ),Hukuk (Burslu),Hukuk,38.0,KAYSERİ,VAKIF,,,EA,yokatlas_api,2026-07-22,2024,6.0,1.0,1.0,,391.43271,44852.0
204610471,NUH NACİ YAZGAN ÜNİVERSİTESİ (KAYSERİ),Hukuk (Burslu),Hukuk,38.0,KAYSERİ,VAKIF,,,EA,yokatlas_api,2026-07-22,2023,6.0,,,,411.30654,29746.0
204610471,NUH NACİ YAZGAN ÜNİVERSİTESİ (KAYSERİ),Hukuk (Burslu),Hukuk,38.0,KAYSERİ,VAKIF,,,EA,yokatlas_api,2026-07-22,2022,7.0,,,,0.0,
202990400,ALTINBAŞ ÜNİVERSİTESİ (İSTANBUL),Hukuk (Burslu),Hukuk,34.0,İSTANBUL,VAKIF,,,EA,yokatlas_api,2026-07-22,2025,10.0,,,,404.64304,25103.0
202990400,ALTINBAŞ ÜNİVERSİTESİ (İSTANBUL),Hukuk (Burslu),Hukuk,34.0,İSTANBUL,VAKIF,,,EA,yokatlas_api,2026-07-22,2024,15.0,2.0,1.0,,0.0,
202990400,ALTINBAŞ ÜNİVERSİTESİ (İSTANBUL),Hukuk (Burslu),Hukuk,34.0,İSTANBUL,VAKIF,,,EA,yokatlas_api,2026-07-22,2023,,,,,412.62138,28155.0
202990400,ALTINBAŞ ÜNİVERSİTESİ (İSTANBUL),Hukuk (Burslu),Hukuk,34.0,İSTANBUL,VAKIF,,,EA,yokatlas_api,2026-07-22,2022,,,,,411.81624,38395.0
104210456,GAZİANTEP ÜNİVERSİTESİ,Hukuk,Hukuk,27.0,GAZİANTEP,DEVLET,,,EA,yokatlas_api,2026-07-22,2025,100.0,,,,404.43452,25313.0
104210456,GAZİANTEP ÜNİVERSİTESİ,Hukuk,Hukuk,27.0,GAZİANTEP,DEVLET,,,EA,yokatlas_api,2026-07-22,2024,100.0,,10.0,3.0,389.94029,46886.0
104210456,GAZİANTEP ÜNİVERSİTESİ,Hukuk,Hukuk,27.0,GAZİANTEP,DEVLET,,,EA,yokatlas_api,2026-07-22,2023,190.0,,,,408.16583,33660.0
104210456,GAZİANTEP ÜNİVERSİTESİ,Hukuk,Hukuk,27.0,GAZİANTEP,DEVLET,,,EA,yokatlas_api,2026-07-22,2022,190.0,,,,410.4957,40358.0
109910091,YALOVA ÜNİVERSİTESİ,Hukuk,Hukuk,77.0,YALOVA,DEVLET,,,EA,yokatlas_api,2026-07-22,2025,120.0,,,,402.82077,26939.0
109910091,YALOVA ÜNİVERSİTESİ,Hukuk,Hukuk,77.0,YALOVA,DEVLET,,,EA,yokatlas_api,2026-07-22,2024,120.0,,,3.0,388.26176,49211.0
109910091,YALOVA ÜNİVERSİTESİ,Hukuk,Hukuk,77.0,YALOVA,DEVLET,,,EA,yokatlas_api,2026-07-22,2023,240.0,,,,405.52368,37157.0
109910091,YALOVA ÜNİVERSİTESİ,Hukuk,Hukuk,77.0,YALOVA,DEVLET,,,EA,yokatlas_api,2026-07-22,2022,240.0,,,,406.81248,46168.0
107990101,TEKİRDAĞ NAMIK KEMAL ÜNİVERSİTESİ,Hukuk,Hukuk,59.0,TEKİRDAĞ,DEVLET,,,EA,yokatlas_api,2026-07-22,2025,100.0,,,,402.3479,27449.0
107990101,TEKİRDAĞ NAMIK KEMAL ÜNİVERSİTESİ,Hukuk,Hukuk,59.0,TEKİRDAĞ,DEVLET,,,EA,yokatlas_api,2026-07-22,2024,100.0,,,3.0,390.39579,46256.0
107990101,TEKİRDAĞ NAMIK KEMAL ÜNİVERSİTESİ,Hukuk,Hukuk,59.0,TEKİRDAĞ,DEVLET,,,EA,yokatlas_api,2026-07-22,2023,120.0,,,,407.62451,34343.0
107990101,TEKİRDAĞ NAMIK KEMAL ÜNİVERSİTESİ,Hukuk,Hukuk,59.0,TEKİRDAĞ,DEVLET,,,EA,yokatlas_api,2026-07-22,2022,120.0,,,,408.08591,44120.0
201790218,İSTANBUL GEDİK ÜNİVERSİTESİ,Hukuk (Burslu),Hukuk,34.0,İSTANBUL,VAKIF,,,EA,yokatlas_api,2026-07-22,2025,10.0,,,,402.11639,27702.0
201790218,İSTANBUL GEDİK ÜNİVERSİTESİ,Hukuk (Burslu),Hukuk,34.0,İSTANBUL,VAKIF,,,EA,yokatlas_api,2026-07-22,2024,12.0,2.0,1.0,,394.2046,41249.0
201790218,İSTANBUL GEDİK ÜNİVERSİTESİ,Hukuk (Burslu),Hukuk,34.0,İSTANBUL,VAKIF,,,EA,yokatlas_api,2026-07-22,2023,13.0,,,,415.11463,25347.0
201790218,İSTANBUL GEDİK ÜNİVERSİTESİ,Hukuk (Burslu),Hukuk,34.0,İSTANBUL,VAKIF,,,EA,yokatlas_api,2026-07-22,2022,13.0,,,,417.51047,30574.0
103010134,DİCLE ÜNİVERSİTESİ (DİYARBAKIR),Hukuk,Hukuk,21.0,DİYARBAKIR,DEVLET,,,EA,yokatlas_api,2026-07-22,2025,100.0,,,,401.99049,27830.0
103010134,DİCLE ÜNİVERSİTESİ (DİYARBAKIR),Hukuk,Hukuk,21.0,DİYARBAKIR,DEVLET,,,EA,yokatlas_api,2026-07-22,2024,100.0,,10.0,3.0,383.86505,55697.0
103010134,DİCLE ÜNİVERSİTESİ (DİYARBAKIR),Hukuk,Hukuk,21.0,DİYARBAKIR,DEVLET,,,EA,yokatlas_api,2026-07-22,2023,280.0,,,,401.7823,42556.0
103010134,DİCLE ÜNİVERSİTESİ (DİYARBAKIR),Hukuk,Hukuk,21.0,DİYARBAKIR,DEVLET,,,EA,yokatlas_api,2026-07-22,2022,280.0,,,,404.90113,49239.0
204010024,KTO KARATAY ÜNİVERSİTESİ (KONYA),Hukuk (Burslu),Hukuk,42.0,KONYA,VAKIF,,,EA,yokatlas_api,2026-07-22,2025,15.0,,,,401.69281,28114.0
204010024,KTO KARATAY ÜNİVERSİTESİ (KONYA),Hukuk (Burslu),Hukuk,42.0,KONYA,VAKIF,,,EA,yokatlas_api,2026-07-22,2024,21.0,3.0,1.0,,393.05608,42727.0
204010024,KTO KARATAY ÜNİVERSİTESİ (KONYA),Hukuk (Burslu),Hukuk,42.0,KONYA,VAKIF,,,EA,yokatlas_api,2026-07-22,2023,22.0,,,,408.03783,33818.0
204010024,KTO KARATAY ÜNİVERSİTESİ (KONYA),Hukuk (Burslu),Hukuk,42.0,KONYA,VAKIF,,,EA,yokatlas_api,2026-07-22,2022,22.0,,,,412.06091,38046.0
101410206,ATATÜRK ÜNİVERSİTESİ (ERZURUM),Hukuk,Hukuk,25.0,ERZURUM,DEVLET,,,EA,yokatlas_api,2026-07-22,2025,100.0,,,,401.6066,28223.0
101410206,ATATÜRK ÜNİVERSİTESİ (ERZURUM),Hukuk,Hukuk,25.0,ERZURUM,DEVLET,,,EA,yokatlas_api,2026-07-22,2024,100.0,,,3.0,387.34062,50520.0
101410206,ATATÜRK ÜNİVERSİTESİ (ERZURUM),Hukuk,Hukuk,25.0,ERZURUM,DEVLET,,,EA,yokatlas_api,2026-07-22,2023,190.0,,,,404.39877,38705.0
101410206,ATATÜRK ÜNİVERSİTESİ (ERZURUM),Hukuk,Hukuk,25.0,ERZURUM,DEVLET,,,EA,yokatlas_api,2026-07-22,2022,190.0,,,,407.78772,44593.0
100410836,AFYON KOCATEPE ÜNİVERSİTESİ (AFYONKARAHİSAR),Hukuk,Hukuk,3.0,AFYONKARAHİSAR,DEVLET,,,EA,yokatlas_api,2026-07-22,2025,70.0,,,,401.24966,28640.0
100410836,AFYON KOCATEPE ÜNİVERSİTESİ (AFYONKARAHİSAR),Hukuk,Hukuk,3.0,AFYONKARAHİSAR,DEVLET,,,EA,yokatlas_api,2026-07-22,2024,80.0,,,2.0,386.6513,51526.0
100410836,AFYON KOCATEPE ÜNİVERSİTESİ (AFYONKARAHİSAR),Hukuk,Hukuk,3.0,AFYONKARAHİSAR,DEVLET,,,EA,yokatlas_api,2026-07-22,2023,140.0,,,,404.02795,39244.0
100410836,AFYON KOCATEPE ÜNİVERSİTESİ (AFYONKARAHİSAR),Hukuk,Hukuk,3.0,AFYONKARAHİSAR,DEVLET,,,EA,yokatlas_api,2026-07-22,2022,140.0,,,,404.85866,49317.0
102690294,SİVAS CUMHURİYET ÜNİVERSİTESİ,Hukuk,Hukuk,58.0,SİVAS,DEVLET,,,EA,yokatlas_api,2026-07-22,2025,100.0,,,,400.01148,29968.0
102690294,SİVAS CUMHURİYET ÜNİVERSİTESİ,Hukuk,Hukuk,58.0,SİVAS,DEVLET,,,EA,yokatlas_api,2026-07-22,2024,60.0,,,2.0,386.54553,51696.0
102690294,SİVAS CUMHURİYET ÜNİVERSİTESİ,Hukuk,Hukuk,58.0,SİVAS,DEVLET,,,EA,yokatlas_api,2026-07-22,2023,60.0,,,,403.01735,40730.0
102690294,SİVAS CUMHURİYET ÜNİVERSİTESİ,Hukuk,Hukuk,58.0,SİVAS,DEVLET,,,EA,yokatlas_api,2026-07-22,2022,60.0,,,,404.0533,50666.0
112110777,TRABZON ÜNİVERSİTESİ,Hukuk,Hukuk,61.0,TRABZON,DEVLET,,,EA,yokatlas_api,2026-07-22,2025,120.0,,,,399.91996,30069.0
112110777,TRABZON ÜNİVERSİTESİ,Hukuk,Hukuk,61.0,TRABZON,DEVLET,,,EA,yokatlas_api,2026-07-22,2024,120.0,,,3.0,385.51989,53211.0
112110777,TRABZON ÜNİVERSİTESİ,Hukuk,Hukuk,61.0,TRABZON,DEVLET,,,EA,yokatlas_api,2026-07-22,2023,220.0,,,,402.14201,42043.0
112110777,TRABZON ÜNİVERSİTESİ,Hukuk,Hukuk,61.0,TRABZON,DEVLET,,,EA,yokatlas_api,2026-07-22,2022,220.0,,,,402.94739,52503.0
105310461,İNÖNÜ ÜNİVERSİTESİ (MALATYA),Hukuk,Hukuk,44.0,MALATYA,DEVLET,,,EA,yokatlas_api,2026-07-22,2025,100.0,,,,398.58553,31575.0
105310461,İNÖNÜ ÜNİVERSİTESİ (MALATYA),Hukuk,Hukuk,44.0,MALATYA,DEVLET,,,EA,yokatlas_api,2026-07-22,2024,100.0,,10.0,3.0,381.85712,58775.0
105310461,İNÖNÜ ÜNİVERSİTESİ (MALATYA),Hukuk,Hukuk,44.0,MALATYA,DEVLET,,,EA,yokatlas_api,2026-07-22,2023,200.0,,,,399.61983,45703.0
105310461,İNÖNÜ ÜNİVERSİTESİ (MALATYA),Hukuk,Hukuk,44.0,MALATYA,DEVLET,,,EA,yokatlas_api,2026-07-22,2022,200.0,,,,408.24842,43860.0
104390160,TOKAT GAZİOSMANPAŞA ÜNİVERSİTESİ,Hukuk,Hukuk,60.0,TOKAT,DEVLET,,,EA,yokatlas_api,2026-07-22,2025,70.0,,,,397.62054,32652.0
104390160,TOKAT GAZİOSMANPAŞA ÜNİVERSİTESİ,Hukuk,Hukuk,60.0,TOKAT,DEVLET,,,EA,yokatlas_api,2026-07-22,2024,70.0,,,2.0,383.32208,56481.0
104390160,TOKAT GAZİOSMANPAŞA ÜNİVERSİTESİ,Hukuk,Hukuk,60.0,TOKAT,DEVLET,,,EA,yokatlas_api,2026-07-22,2023,90.0,,,,400.76075,43977.0
104390160,TOKAT GAZİOSMANPAŞA ÜNİVERSİTESİ,Hukuk,Hukuk,60.0,TOKAT,DEVLET,,,EA,yokatlas_api,2026-07-22,2022,90.0,,,,404.65794,49637.0
106770724,KIRKLARELİ ÜNİVERSİTESİ,Hukuk,Hukuk,39.0,KIRKLARELİ,DEVLET,,,EA,yokatlas_api,2026-07-22,2025,100.0,,,,396.4476,34063.0
106770724,KIRKLARELİ ÜNİVERSİTESİ,Hukuk,Hukuk,39.0,KIRKLARELİ,DEVLET,,,EA,yokatlas_api,2026-07-22,2024,100.0,,,3.0,383.11987,56815.0
106770724,KIRKLARELİ ÜNİVERSİTESİ,Hukuk,Hukuk,39.0,KIRKLARELİ,DEVLET,,,EA,yokatlas_api,2026-07-22,2023,120.0,,,,400.60051,44251.0
106770724,KIRKLARELİ ÜNİVERSİTESİ,Hukuk,Hukuk,39.0,KIRKLARELİ,DEVLET,,,EA,yokatlas_api,2026-07-22,2022,120.0,,,,401.08875,55675.0
102390201,YOZGAT BOZOK ÜNİVERSİTESİ,Hukuk,Hukuk,66.0,YOZGAT,DEVLET,,,EA,yokatlas_api,2026-07-22,2025,30.0,,,,395.70155,34983.0
102390201,YOZGAT BOZOK ÜNİVERSİTESİ,Hukuk,Hukuk,66.0,YOZGAT,DEVLET,,,EA,yokatlas_api,2026-07-22,2024,30.0,,,1.0,383.21635,56657.0
102390201,YOZGAT BOZOK ÜNİVERSİTESİ,Hukuk,Hukuk,66.0,YOZGAT,DEVLET,,,EA,yokatlas_api,2026-07-22,2023,30.0,,,,0.0,
201010245,ÇAĞ ÜNİVERSİTESİ (MERSİN),Hukuk (Burslu),Hukuk,33.0,MERSİN,VAKIF,,,EA,yokatlas_api,2026-07-22,2025,17.0,,,,395.55767,35170.0
201010245,ÇAĞ ÜNİVERSİTESİ (MERSİN),Hukuk (Burslu),Hukuk,33.0,MERSİN,VAKIF,,,EA,yokatlas_api,2026-07-22,2024,25.0,4.0,1.0,,386.41364,51880.0
201010245,ÇAĞ ÜNİVERSİTESİ (MERSİN),Hukuk (Burslu),Hukuk,33.0,MERSİN,VAKIF,,,EA,yokatlas_api,2026-07-22,2023,26.0,,,,402.3437,41725.0
201010245,ÇAĞ ÜNİVERSİTESİ (MERSİN),Hukuk (Burslu),Hukuk,33.0,MERSİN,VAKIF,,,EA,yokatlas_api,2026-07-22,2022,30.0,,,,409.2416,42332.0
108790055,RECEP TAYYİP ERDOĞAN ÜNİVERSİTESİ (RİZE),Hukuk,Hukuk,53.0,RİZE,DEVLET,,,EA,yokatlas_api,2026-07-22,2025,100.0,,,,395.42136,35322.0
108790055,RECEP TAYYİP ERDOĞAN ÜNİVERSİTESİ (RİZE),Hukuk,Hukuk,53.0,RİZE,DEVLET,,,EA,yokatlas_api,2026-07-22,2024,80.0,,,2.0,380.90949,60275.0
108790055,RECEP TAYYİP ERDOĞAN ÜNİVERSİTESİ (RİZE),Hukuk,Hukuk,53.0,RİZE,DEVLET,,,EA,yokatlas_api,2026-07-22,2023,100.0,,,,398.38835,47627.0
108790055,RECEP TAYYİP ERDOĞAN ÜNİVERSİTESİ (RİZE),Hukuk,Hukuk,53.0,RİZE,DEVLET,,,EA,yokatlas_api,2026-07-22,2022,100.0,,,,400.05255,57484.0
201610424,HASAN KALYONCU ÜNİVERSİTESİ (GAZİANTEP),Hukuk (Burslu),Hukuk,27.0,GAZİANTEP,VAKIF,,,EA,yokatlas_api,2026-07-22,2025,16.0,,,,395.07212,35763.0
201610424,HASAN KALYONCU ÜNİVERSİTESİ (GAZİANTEP),Hukuk (Burslu),Hukuk,27.0,GAZİANTEP,VAKIF,,,EA,yokatlas_api,2026-07-22,2024,23.0,3.0,1.0,,385.93768,52575.0
201610424,HASAN KALYONCU ÜNİVERSİTESİ (GAZİANTEP),Hukuk (Burslu),Hukuk,27.0,GAZİANTEP,VAKIF,,,EA,yokatlas_api,2026-07-22,2023,24.0,,,,404.90416,38028.0
201610424,HASAN KALYONCU ÜNİVERSİTESİ (GAZİANTEP),Hukuk (Burslu),Hukuk,27.0,GAZİANTEP,VAKIF,,,EA,yokatlas_api,2026-07-22,2022,24.0,,,,409.65644,41686.0
102890076,ÇANKIRI KARATEKİN ÜNİVERSİTESİ,Hukuk,Hukuk,18.0,ÇANKIRI,DEVLET,,,EA,yokatlas_api,2026-07-22,2025,100.0,,,,394.96218,35895.0
102890076,ÇANKIRI KARATEKİN ÜNİVERSİTESİ,Hukuk,Hukuk,18.0,ÇANKIRI,DEVLET,,,EA,yokatlas_api,2026-07-22,2024,100.0,,,3.0,379.9006,61852.0
102890076,ÇANKIRI KARATEKİN ÜNİVERSİTESİ,Hukuk,Hukuk,18.0,ÇANKIRI,DEVLET,,,EA,yokatlas_api,2026-07-22,2023,180.0,,,,397.86106,48488.0
102890076,ÇANKIRI KARATEKİN ÜNİVERSİTESİ,Hukuk,Hukuk,18.0,ÇANKIRI,DEVLET,,,EA,yokatlas_api,2026-07-22,2022,180.0,,,,401.09224,55671.0
103610085,ERZİNCAN BİNALİ YILDIRIM ÜNİVERSİTESİ,Hukuk,Hukuk,24.0,ERZİNCAN,DEVLET,,,EA,yokatlas_api,2026-07-22,2025,180.0,,,,393.72695,37492.0
103610085,ERZİNCAN BİNALİ YILDIRIM ÜNİVERSİTESİ,Hukuk,Hukuk,24.0,ERZİNCAN,DEVLET,,,EA,yokatlas_api,2026-07-22,2024,180.0,,,5.0,377.78677,65343.0
103610085,ERZİNCAN BİNALİ YILDIRIM ÜNİVERSİTESİ,Hukuk,Hukuk,24.0,ERZİNCAN,DEVLET,,,EA,yokatlas_api,2026-07-22,2023,300.0,,,,396.46932,50736.0
103610085,ERZİNCAN BİNALİ YILDIRIM ÜNİVERSİTESİ,Hukuk,Hukuk,24.0,ERZİNCAN,DEVLET,,,EA,yokatlas_api,2026-07-22,2022,300.0,,,,399.25363,58874.0
300510312,YAKIN DOĞU ÜNİVERSİTESİ (KKTC-LEFKOŞA),Hukuk (Burslu),Hukuk,999.0,KIBRIS,KKTC,,,EA,yokatlas_api,2026-07-22,2025,8.0,,,,391.49674,40499.0
300510312,YAKIN DOĞU ÜNİVERSİTESİ (KKTC-LEFKOŞA),Hukuk (Burslu),Hukuk,999.0,KIBRIS,KKTC,,,EA,yokatlas_api,2026-07-22,2024,9.0,,,,376.02774,68438.0
300510312,YAKIN DOĞU ÜNİVERSİTESİ (KKTC-LEFKOŞA),Hukuk (Burslu),Hukuk,999.0,KIBRIS,KKTC,,,EA,yokatlas_api,2026-07-22,2023,10.0,,,,391.91051,58552.0
300510312,YAKIN DOĞU ÜNİVERSİTESİ (KKTC-LEFKOŞA),Hukuk (Burslu),Hukuk,999.0,KIBRIS,KKTC,,,EA,yokatlas_api,2026-07-22,2022,17.0,,,,393.76299,68946.0
300110334,DOĞU AKDENİZ ÜNİVERSİTESİ (KKTC-GAZİMAĞUSA),Hukuk (Burslu),Hukuk,999.0,KIBRIS,KKTC,,,EA,yokatlas_api,2026-07-22,2025,27.0,,,,388.87969,44095.0
300110334,DOĞU AKDENİZ ÜNİVERSİTESİ (KKTC-GAZİMAĞUSA),Hukuk (Burslu),Hukuk,999.0,KIBRIS,KKTC,,,EA,yokatlas_api,2026-07-22,2024,33.0,,,,383.92183,55615.0
300110334,DOĞU AKDENİZ ÜNİVERSİTESİ (KKTC-GAZİMAĞUSA),Hukuk (Burslu),Hukuk,999.0,KIBRIS,KKTC,,,EA,yokatlas_api,2026-07-22,2023,17.0,,,,397.72687,48715.0
300110334,DOĞU AKDENİZ ÜNİVERSİTESİ (KKTC-GAZİMAĞUSA),Hukuk (Burslu),Hukuk,999.0,KIBRIS,KKTC,,,EA,yokatlas_api,2026-07-22,2022,16.0,,,,399.88065,57801.0
110910245,ANKARA SOSYAL BİLİMLER ÜNİVERSİTESİ,Hukuk (Burslu),Hukuk,999.0,KIBRIS,DEVLET,,,EA,yokatlas_api,2026-07-22,2025,6.0,,,,388.47495,44667.0
110910245,ANKARA SOSYAL BİLİMLER ÜNİVERSİTESİ,Hukuk (Burslu),Hukuk,999.0,KIBRIS,DEVLET,,,EA,yokatlas_api,2026-07-22,2024,6.0,,,,373.85673,72317.0
110910245,ANKARA SOSYAL BİLİMLER ÜNİVERSİTESİ,Hukuk (Burslu),Hukuk,999.0,KIBRIS,DEVLET,,,EA,yokatlas_api,2026-07-22,2023,10.0,,,,394.40556,54213.0
110910245,ANKARA SOSYAL BİLİMLER ÜNİVERSİTESİ,Hukuk (Burslu),Hukuk,999.0,KIBRIS,DEVLET,,,EA,yokatlas_api,2026-07-22,2022,10.0,,,,392.0368,72321.0
300710222,GİRNE ÜNİVERSİTESİ (KKTC-GİRNE),Hukuk (Burslu),Hukuk,999.0,KIBRIS,KKTC,,,EA,yokatlas_api,2026-07-22,2025,4.0,,,,387.66589,45827.0
300710222,GİRNE ÜNİVERSİTESİ (KKTC-GİRNE),Hukuk (Burslu),Hukuk,999.0,KIBRIS,KKTC,,,EA,yokatlas_api,2026-07-22,2024,2.0,,,,375.4138,69571.0
300710222,GİRNE ÜNİVERSİTESİ (KKTC-GİRNE),Hukuk (Burslu),Hukuk,999.0,KIBRIS,KKTC,,,EA,yokatlas_api,2026-07-22,2023,2.0,,,,389.92975,62150.0
300710222,GİRNE ÜNİVERSİTESİ (KKTC-GİRNE),Hukuk (Burslu),Hukuk,999.0,KIBRIS,KKTC,,,EA,yokatlas_api,2026-07-22,2022,5.0,,,,391.50719,73334.0
109610049,TÜRK-ALMAN ÜNİVERSİTESİ (İSTANBUL),Hukuk,Hukuk,34.0,İSTANBUL,DEVLET,,,EA,yokatlas_api,2026-07-22,2025,16.0,,,,386.6955,47242.0
109610049,TÜRK-ALMAN ÜNİVERSİTESİ (İSTANBUL),Hukuk,Hukuk,34.0,İSTANBUL,DEVLET,,,EA,yokatlas_api,2026-07-22,2024,16.0,,,,373.0068,73821.0
109610049,TÜRK-ALMAN ÜNİVERSİTESİ (İSTANBUL),Hukuk,Hukuk,34.0,İSTANBUL,DEVLET,,,EA,yokatlas_api,2026-07-22,2023,30.0,,,,0.0,
109610049,TÜRK-ALMAN ÜNİVERSİTESİ (İSTANBUL),Hukuk,Hukuk,34.0,İSTANBUL,DEVLET,,,EA,yokatlas_api,2026-07-22,2022,30.0,,,,369.13393,122814.0
300211843,GİRNE AMERİKAN ÜNİVERSİTESİ (KKTC-GİRNE),Hukuk (Burslu),Hukuk,999.0,KIBRIS,KKTC,,,EA,yokatlas_api,2026-07-22,2025,15.0,,,,383.8602,51613.0
300211843,GİRNE AMERİKAN ÜNİVERSİTESİ (KKTC-GİRNE),Hukuk (Burslu),Hukuk,999.0,KIBRIS,KKTC,,,EA,yokatlas_api,2026-07-22,2024,10.0,,,,374.70642,70819.0
300211843,GİRNE AMERİKAN ÜNİVERSİTESİ (KKTC-GİRNE),Hukuk (Burslu),Hukuk,999.0,KIBRIS,KKTC,,,EA,yokatlas_api,2026-07-22,2023,5.0,,,,390.43483,61244.0
300211843,GİRNE AMERİKAN ÜNİVERSİTESİ (KKTC-GİRNE),Hukuk (Burslu),Hukuk,999.0,KIBRIS,KKTC,,,EA,yokatlas_api,2026-07-22,2022,12.0,,,,393.38161,69732.0
300311357,LEFKE AVRUPA ÜNİVERSİTESİ (KKTC-LEFKE),Hukuk (Burslu),Hukuk,999.0,KIBRIS,KKTC,,,EA,yokatlas_api,2026-07-22,2025,47.0,,,,382.58893,53592.0
300311357,LEFKE AVRUPA ÜNİVERSİTESİ (KKTC-LEFKE),Hukuk (Burslu),Hukuk,999.0,KIBRIS,KKTC,,,EA,yokatlas_api,2026-07-22,2024,47.0,,,,372.04008,75596.0
300311357,LEFKE AVRUPA ÜNİVERSİTESİ (KKTC-LEFKE),Hukuk (Burslu),Hukuk,999.0,KIBRIS,KKTC,,,EA,yokatlas_api,2026-07-22,2023,47.0,,,,392.29936,57886.0
300311357,LEFKE AVRUPA ÜNİVERSİTESİ (KKTC-LEFKE),Hukuk (Burslu),Hukuk,999.0,KIBRIS,KKTC,,,EA,yokatlas_api,2026-07-22,2022,47.0,,,,395.24398,66113.0
300410588,ULUSLARARASI KIBRIS ÜNİVERSİTESİ (KKTC-LEFKOŞA),Hukuk (Burslu),Hukuk,999.0,KIBRIS,KKTC,,,EA,yokatlas_api,2026-07-22,2025,9.0,,,,382.24414,54177.0
300410588,ULUSLARARASI KIBRIS ÜNİVERSİTESİ (KKTC-LEFKOŞA),Hukuk (Burslu),Hukuk,999.0,KIBRIS,KKTC,,,EA,yokatlas_api,2026-07-22,2024,9.0,,,,371.2671,77030.0
300410588,ULUSLARARASI KIBRIS ÜNİVERSİTESİ (KKTC-LEFKOŞA),Hukuk (Burslu),Hukuk,999.0,KIBRIS,KKTC,,,EA,yokatlas_api,2026-07-22,2023,9.0,,,,391.15895,59951.0
300410588,ULUSLARARASI KIBRIS ÜNİVERSİTESİ (KKTC-LEFKOŞA),Hukuk (Burslu),Hukuk,999.0,KIBRIS,KKTC,,,EA,yokatlas_api,2026-07-22,2022,10.0,,,,393.75396,68964.0
301390049,ULUSLARARASI FİNAL ÜNİVERSİTESİ (KKTC-GİRNE),Hukuk (Burslu),Hukuk,999.0,KIBRIS,KKTC,,,EA,yokatlas_api,2026-07-22,2025,9.0,,,,381.82122,54824.0
301390049,ULUSLARARASI FİNAL ÜNİVERSİTESİ (KKTC-GİRNE),Hukuk (Burslu),Hukuk,999.0,KIBRIS,KKTC,,,EA,yokatlas_api,2026-07-22,2024,6.0,,,,372.85844,74106.0
301390049,ULUSLARARASI FİNAL ÜNİVERSİTESİ (KKTC-GİRNE),Hukuk (Burslu),Hukuk,999.0,KIBRIS,KKTC,,,EA,yokatlas_api,2026-07-22,2023,6.0,,,,388.58254,64571.0
301390049,ULUSLARARASI FİNAL ÜNİVERSİTESİ (KKTC-GİRNE),Hukuk (Burslu),Hukuk,999.0,KIBRIS,KKTC,,,EA,yokatlas_api,2026-07-22,2022,10.0,,,,390.56956,75173.0
302000185,KIBRIS AYDIN ÜNİVERSİTESİ (KKTC-GİRNE),Hukuk (Burslu),Hukuk,999.0,KIBRIS,KKTC,,,EA,yokatlas_api,2026-07-22,2025,6.0,,,,381.25846,55756.0
302000185,KIBRIS AYDIN ÜNİVERSİTESİ (KKTC-GİRNE),Hukuk (Burslu),Hukuk,999.0,KIBRIS,KKTC,,,EA,yokatlas_api,2026-07-22,2024,6.0,,,,370.64971,78237.0
302000185,KIBRIS AYDIN ÜNİVERSİTESİ (KKTC-GİRNE),Hukuk (Burslu),Hukuk,999.0,KIBRIS,KKTC,,,EA,yokatlas_api,2026-07-22,2023,,,,,0.0,
302000185,KIBRIS AYDIN ÜNİVERSİTESİ (KKTC-GİRNE),Hukuk (Burslu),Hukuk,999.0,KIBRIS,KKTC,,,EA,yokatlas_api,2026-07-22,2022,,,,,390.0855,76131.0
301410027,ADA KENT ÜNİVERSİTESİ (KKTC-GAZİMAĞUSA),Hukuk (Burslu),Hukuk,999.0,KIBRIS,KKTC,,,EA,yokatlas_api,2026-07-22,2025,3.0,,,,380.8298,56475.0
301410027,ADA KENT ÜNİVERSİTESİ (KKTC-GAZİMAĞUSA),Hukuk (Burslu),Hukuk,999.0,KIBRIS,KKTC,,,EA,yokatlas_api,2026-07-22,2024,3.0,,,,372.07243,75545.0
301410027,ADA KENT ÜNİVERSİTESİ (KKTC-GAZİMAĞUSA),Hukuk (Burslu),Hukuk,999.0,KIBRIS,KKTC,,,EA,yokatlas_api,2026-07-22,2023,3.0,,,,387.13002,67382.0
301410027,ADA KENT ÜNİVERSİTESİ (KKTC-GAZİMAĞUSA),Hukuk (Burslu),Hukuk,999.0,KIBRIS,KKTC,,,EA,yokatlas_api,2026-07-22,2022,6.0,,,,389.97757,76326.0
204010033,KTO KARATAY ÜNİVERSİTESİ (KONYA),Hukuk (%50 İndirimli),Hukuk,42.0,KONYA,VAKIF,,,EA,yokatlas_api,2026-07-22,2025,29.0,,,,380.50424,57043.0
204010033,KTO KARATAY ÜNİVERSİTESİ (KONYA),Hukuk (%50 İndirimli),Hukuk,42.0,KONYA,VAKIF,,,EA,yokatlas_api,2026-07-22,2024,47.0,,,,377.21727,66284.0
204010033,KTO KARATAY ÜNİVERSİTESİ (KONYA),Hukuk (%50 İndirimli),Hukuk,42.0,KONYA,VAKIF,,,EA,yokatlas_api,2026-07-22,2023,24.0,,,,395.46085,52436.0
204010033,KTO KARATAY ÜNİVERSİTESİ (KONYA),Hukuk (%50 İndirimli),Hukuk,42.0,KONYA,VAKIF,,,EA,yokatlas_api,2026-07-22,2022,25.0,,,,397.9065,61248.0
204950398,PİRİ REİS ÜNİVERSİTESİ (İSTANBUL),Hukuk (%50 İndirimli),Hukuk,34.0,İSTANBUL,VAKIF,,,EA,yokatlas_api,2026-07-22,2025,29.0,,,,377.1524,63082.0
204950398,PİRİ REİS ÜNİVERSİTESİ (İSTANBUL),Hukuk (%50 İndirimli),Hukuk,34.0,İSTANBUL,VAKIF,,,EA,yokatlas_api,2026-07-22,2024,37.0,,,,371.44858,76686.0
204950398,PİRİ REİS ÜNİVERSİTESİ (İSTANBUL),Hukuk (%50 İndirimli),Hukuk,34.0,İSTANBUL,VAKIF,,,EA,yokatlas_api,2026-07-22,2023,43.0,,,,375.04692,92863.0
204950398,PİRİ REİS ÜNİVERSİTESİ (İSTANBUL),Hukuk (%50 İndirimli),Hukuk,34.0,İSTANBUL,VAKIF,,,EA,yokatlas_api,2026-07-22,2022,49.0,,,,0.0,
200590236,BAHÇEŞEHİR ÜNİVERSİTESİ (İSTANBUL),Hukuk (%50 İndirimli),Hukuk,34.0,İSTANBUL,VAKIF,,,EA,yokatlas_api,2026-07-22,2025,53.0,,,,370.68744,75529.0
200590236,BAHÇEŞEHİR ÜNİVERSİTESİ (İSTANBUL),Hukuk (%50 İndirimli),Hukuk,34.0,İSTANBUL,VAKIF,,,EA,yokatlas_api,2026-07-22,2024,53.0,,,,381.06321,60009.0
200590236,BAHÇEŞEHİR ÜNİVERSİTESİ (İSTANBUL),Hukuk (%50 İndirimli),Hukuk,34.0,İSTANBUL,VAKIF,,,EA,yokatlas_api,2026-07-22,2023,37.0,,,,422.83117,18038.0
200590236,BAHÇEŞEHİR ÜNİVERSİTESİ (İSTANBUL),Hukuk (%50 İndirimli),Hukuk,34.0,İSTANBUL,VAKIF,,,EA,yokatlas_api,2026-07-22,2022,10.0,,,,429.76824,17982.0
204810219,ÖZYEĞİN ÜNİVERSİTESİ (İSTANBUL),Hukuk (%50 İndirimli),Hukuk,34.0,İSTANBUL,VAKIF,,,EA,yokatlas_api,2026-07-22,2025,63.0,,,,370.60896,75680.0
204810219,ÖZYEĞİN ÜNİVERSİTESİ (İSTANBUL),Hukuk (%50 İndirimli),Hukuk,34.0,İSTANBUL,VAKIF,,,EA,yokatlas_api,2026-07-22,2024,83.0,,,,355.79096,110987.0
204810219,ÖZYEĞİN ÜNİVERSİTESİ (İSTANBUL),Hukuk (%50 İndirimli),Hukuk,34.0,İSTANBUL,VAKIF,,,EA,yokatlas_api,2026-07-22,2023,88.0,,,,0.0,
204810219,ÖZYEĞİN ÜNİVERSİTESİ (İSTANBUL),Hukuk (%50 İndirimli),Hukuk,34.0,İSTANBUL,VAKIF,,,EA,yokatlas_api,2026-07-22,2022,125.0,,,,0.0,
202111124,İHSAN DOĞRAMACI BİLKENT ÜNİVERSİTESİ (ANKARA),Hukuk (Ücretli),Hukuk,6.0,ANKARA,VAKIF,,,EA,yokatlas_api,2026-07-22,2025,86.0,,,,369.3604,78263.0
202111124,İHSAN DOĞRAMACI BİLKENT ÜNİVERSİTESİ (ANKARA),Hukuk (Ücretli),Hukuk,6.0,ANKARA,VAKIF,,,EA,yokatlas_api,2026-07-22,2024,123.0,,,,371.78159,76062.0
202111124,İHSAN DOĞRAMACI BİLKENT ÜNİVERSİTESİ (ANKARA),Hukuk (Ücretli),Hukuk,6.0,ANKARA,VAKIF,,,EA,yokatlas_api,2026-07-22,2023,129.0,,,,401.48871,42977.0
202111124,İHSAN DOĞRAMACI BİLKENT ÜNİVERSİTESİ (ANKARA),Hukuk (Ücretli),Hukuk,6.0,ANKARA,VAKIF,,,EA,yokatlas_api,2026-07-22,2022,129.0,,,,410.67178,40098.0
206090394,YAŞAR ÜNİVERSİTESİ (İZMİR),Hukuk (%50 İndirimli),Hukuk,35.0,İZMİR,VAKIF,,,EA,yokatlas_api,2026-07-22,2025,79.0,,,,369.35411,78273.0
206090394,YAŞAR ÜNİVERSİTESİ (İZMİR),Hukuk (%50 İndirimli),Hukuk,35.0,İZMİR,VAKIF,,,EA,yokatlas_api,2026-07-22,2024,99.0,,,,369.40802,80714.0
206090394,YAŞAR ÜNİVERSİTESİ (İZMİR),Hukuk (%50 İndirimli),Hukuk,35.0,İZMİR,VAKIF,,,EA,yokatlas_api,2026-07-22,2023,94.0,,,,386.49024,68633.0
206090394,YAŞAR ÜNİVERSİTESİ (İZMİR),Hukuk (%50 İndirimli),Hukuk,35.0,İZMİR,VAKIF,,,EA,yokatlas_api,2026-07-22,2022,90.0,,,,382.19339,92520.0
203210749,İSTANBUL SABAHATTİN ZAİM ÜNİVERSİTESİ,Hukuk (%50 İndirimli),Hukuk,34.0,İSTANBUL,VAKIF,,,EA,yokatlas_api,2026-07-22,2025,95.0,,,,368.86671,79308.0
203210749,İSTANBUL SABAHATTİN ZAİM ÜNİVERSİTESİ,Hukuk (%50 İndirimli),Hukuk,34.0,İSTANBUL,VAKIF,,,EA,yokatlas_api,2026-07-22,2024,125.0,,,,362.02523,96196.0
203210749,İSTANBUL SABAHATTİN ZAİM ÜNİVERSİTESİ,Hukuk (%50 İndirimli),Hukuk,34.0,İSTANBUL,VAKIF,,,EA,yokatlas_api,2026-07-22,2023,129.0,,,,0.0,
206290205,İSTANBUL YENİ YÜZYIL ÜNİVERSİTESİ,Hukuk (%25 İndirimli),Hukuk,34.0,İSTANBUL,VAKIF,,,EA,yokatlas_api,2026-07-22,2025,53.0,,,,366.86285,83533.0
206290205,İSTANBUL YENİ YÜZYIL ÜNİVERSİTESİ,Hukuk (%25 İndirimli),Hukuk,34.0,İSTANBUL,VAKIF,,,EA,yokatlas_api,2026-07-22,2024,67.0,,,,361.27127,97931.0
206290205,İSTANBUL YENİ YÜZYIL ÜNİVERSİTESİ,Hukuk (%25 İndirimli),Hukuk,34.0,İSTANBUL,VAKIF,,,EA,yokatlas_api,2026-07-22,2023,70.0,,,,369.59577,105648.0
206290205,İSTANBUL YENİ YÜZYIL ÜNİVERSİTESİ,Hukuk (%25 İndirimli),Hukuk,34.0,İSTANBUL,VAKIF,,,EA,yokatlas_api,2026-07-22,2022,70.0,,,,372.45041,114684.0
200690533,BAŞKENT ÜNİVERSİTESİ (ANKARA),Hukuk (%50 İndirimli),Hukuk,6.0,ANKARA,VAKIF,,,EA,yokatlas_api,2026-07-22,2025,96.0,,,,366.54897,84199.0
200690533,BAŞKENT ÜNİVERSİTESİ (ANKARA),Hukuk (%50 İndirimli),Hukuk,6.0,ANKARA,VAKIF,,,EA,yokatlas_api,2026-07-22,2024,127.0,,,,369.05613,81377.0
200690533,BAŞKENT ÜNİVERSİTESİ (ANKARA),Hukuk (%50 İndirimli),Hukuk,6.0,ANKARA,VAKIF,,,EA,yokatlas_api,2026-07-22,2023,111.0,,,,392.937,56759.0
200690533,BAŞKENT ÜNİVERSİTESİ (ANKARA),Hukuk (%50 İndirimli),Hukuk,6.0,ANKARA,VAKIF,,,EA,yokatlas_api,2026-07-22,2022,108.0,,,,404.7268,49544.0
204610541,NUH NACİ YAZGAN ÜNİVERSİTESİ (KAYSERİ),Hukuk (%25 İndirimli),Hukuk,38.0,KAYSERİ,VAKIF,,,EA,yokatlas_api,2026-07-22,2025,26.0,,,,365.37262,86801.0
204610541,NUH NACİ YAZGAN ÜNİVERSİTESİ (KAYSERİ),Hukuk (%25 İndirimli),Hukuk,38.0,KAYSERİ,VAKIF,,,EA,yokatlas_api,2026-07-22,2024,23.0,,,,359.81895,101299.0
204610541,NUH NACİ YAZGAN ÜNİVERSİTESİ (KAYSERİ),Hukuk (%25 İndirimli),Hukuk,38.0,KAYSERİ,VAKIF,,,EA,yokatlas_api,2026-07-22,2023,16.0,,,,0.0,
203710708,KADİR HAS ÜNİVERSİTESİ (İSTANBUL),Hukuk (%50 İndirimli),Hukuk,34.0,İSTANBUL,VAKIF,,,EA,yokatlas_api,2026-07-22,2025,45.0,,,,364.42081,88886.0
203710708,KADİR HAS ÜNİVERSİTESİ (İSTANBUL),Hukuk (%50 İndirimli),Hukuk,34.0,İSTANBUL,VAKIF,,,EA,yokatlas_api,2026-07-22,2024,56.0,,,,367.36826,84761.0
203710708,KADİR HAS ÜNİVERSİTESİ (İSTANBUL),Hukuk (%50 İndirimli),Hukuk,34.0,İSTANBUL,VAKIF,,,EA,yokatlas_api,2026-07-22,2023,59.0,,,,0.0,
203710708,KADİR HAS ÜNİVERSİTESİ (İSTANBUL),Hukuk (%50 İndirimli),Hukuk,34.0,İSTANBUL,VAKIF,,,EA,yokatlas_api,2026-07-22,2022,136.0,,,,0.0,
206111978,YEDİTEPE ÜNİVERSİTESİ (İSTANBUL),Hukuk (%50 İndirimli),Hukuk,34.0,İSTANBUL,VAKIF,,,EA,yokatlas_api,2026-07-22,2025,63.0,,,,361.67417,95271.0
206111978,YEDİTEPE ÜNİVERSİTESİ (İSTANBUL),Hukuk (%50 İndirimli),Hukuk,34.0,İSTANBUL,VAKIF,,,EA,yokatlas_api,2026-07-22,2024,76.0,,,,380.93581,60228.0
206111978,YEDİTEPE ÜNİVERSİTESİ (İSTANBUL),Hukuk (%50 İndirimli),Hukuk,34.0,İSTANBUL,VAKIF,,,EA,yokatlas_api,2026-07-22,2023,80.0,,,,393.22533,56237.0
206111978,YEDİTEPE ÜNİVERSİTESİ (İSTANBUL),Hukuk (%50 İndirimli),Hukuk,34.0,İSTANBUL,VAKIF,,,EA,yokatlas_api,2026-07-22,2022,78.0,,,,412.32708,37670.0
206410650,ANTALYA BİLİM ÜNİVERSİTESİ,Hukuk (%50 İndirimli),Hukuk,7.0,ANTALYA,VAKIF,,,EA,yokatlas_api,2026-07-22,2025,82.0,,,,361.08457,96619.0
206410650,ANTALYA BİLİM ÜNİVERSİTESİ,Hukuk (%50 İndirimli),Hukuk,7.0,ANTALYA,VAKIF,,,EA,yokatlas_api,2026-07-22,2024,116.0,,,,360.37537,100009.0
206410650,ANTALYA BİLİM ÜNİVERSİTESİ,Hukuk (%50 İndirimli),Hukuk,7.0,ANTALYA,VAKIF,,,EA,yokatlas_api,2026-07-22,2023,122.0,,,,371.61274,100812.0
206410650,ANTALYA BİLİM ÜNİVERSİTESİ,Hukuk (%50 İndirimli),Hukuk,7.0,ANTALYA,VAKIF,,,EA,yokatlas_api,2026-07-22,2022,122.0,,,,376.59007,105061.0
300390252,LEFKE AVRUPA ÜNİVERSİTESİ (KKTC-LEFKE),Hukuk (%50 İndirimli),Hukuk,999.0,KIBRIS,KKTC,,,EA,yokatlas_api,2026-07-22,2025,93.0,,,,360.43929,98160.0
300390252,LEFKE AVRUPA ÜNİVERSİTESİ (KKTC-LEFKE),Hukuk (%50 İndirimli),Hukuk,999.0,KIBRIS,KKTC,,,EA,yokatlas_api,2026-07-22,2024,93.0,,,,355.44515,111877.0
300390252,LEFKE AVRUPA ÜNİVERSİTESİ (KKTC-LEFKE),Hukuk (%50 İndirimli),Hukuk,999.0,KIBRIS,KKTC,,,EA,yokatlas_api,2026-07-22,2023,93.0,,,,368.07925,109341.0
300390252,LEFKE AVRUPA ÜNİVERSİTESİ (KKTC-LEFKE),Hukuk (%50 İndirimli),Hukuk,999.0,KIBRIS,KKTC,,,EA,yokatlas_api,2026-07-22,2022,93.0,,,,0.0,
205850570,UFUK ÜNİVERSİTESİ (ANKARA),Hukuk (%50 İndirimli),Hukuk,6.0,ANKARA,VAKIF,,,EA,yokatlas_api,2026-07-22,2025,68.0,,,,359.19998,101204.0
205850570,UFUK ÜNİVERSİTESİ (ANKARA),Hukuk (%50 İndirimli),Hukuk,6.0,ANKARA,VAKIF,,,EA,yokatlas_api,2026-07-22,2024,97.0,,,,0.0,
205850570,UFUK ÜNİVERSİTESİ (ANKARA),Hukuk (%50 İndirimli),Hukuk,6.0,ANKARA,VAKIF,,,EA,yokatlas_api,2026-07-22,2023,87.0,,,,368.32077,108737.0
205850570,UFUK ÜNİVERSİTESİ (ANKARA),Hukuk (%50 İndirimli),Hukuk,6.0,ANKARA,VAKIF,,,EA,yokatlas_api,2026-07-22,2022,102.0,,,,380.2987,96704.0
110910252,ANKARA SOSYAL BİLİMLER ÜNİVERSİTESİ,Hukuk (%50 İndirimli),Hukuk,999.0,KIBRIS,DEVLET,,,EA,yokatlas_api,2026-07-22,2025,25.0,,,,358.71181,102346.0
110910252,ANKARA SOSYAL BİLİMLER ÜNİVERSİTESİ,Hukuk (%50 İndirimli),Hukuk,999.0,KIBRIS,DEVLET,,,EA,yokatlas_api,2026-07-22,2024,25.0,,,,353.01991,118095.0
110910252,ANKARA SOSYAL BİLİMLER ÜNİVERSİTESİ,Hukuk (%50 İndirimli),Hukuk,999.0,KIBRIS,DEVLET,,,EA,yokatlas_api,2026-07-22,2023,25.0,,,,0.0,
110910252,ANKARA SOSYAL BİLİMLER ÜNİVERSİTESİ,Hukuk (%50 İndirimli),Hukuk,999.0,KIBRIS,DEVLET,,,EA,yokatlas_api,2026-07-22,2022,25.0,,,,0.0,
203910787,KOÇ ÜNİVERSİTESİ (İSTANBUL),Hukuk (Ücretli),Hukuk,34.0,İSTANBUL,VAKIF,,,EA,yokatlas_api,2026-07-22,2025,59.0,,,,358.10445,103861.0
203910787,KOÇ ÜNİVERSİTESİ (İSTANBUL),Hukuk (Ücretli),Hukuk,34.0,İSTANBUL,VAKIF,,,EA,yokatlas_api,2026-07-22,2024,92.0,,,,351.90367,121086.0
203910787,KOÇ ÜNİVERSİTESİ (İSTANBUL),Hukuk (Ücretli),Hukuk,34.0,İSTANBUL,VAKIF,,,EA,yokatlas_api,2026-07-22,2023,122.0,,,,382.62894,76301.0
203910787,KOÇ ÜNİVERSİTESİ (İSTANBUL),Hukuk (Ücretli),Hukuk,34.0,İSTANBUL,VAKIF,,,EA,yokatlas_api,2026-07-22,2022,124.0,,,,394.40539,67710.0
408811009,ULUSLARARASI SARAYBOSNA ÜNİVERSİTESİ (SARAYBOSNA - BOSNA - HERSEK),Hukuk (Burslu),Hukuk,,,YURTDISI KAMU,,,EA,yokatlas_api,2026-07-22,2025,1.0,,,,357.62016,105110.0
408811009,ULUSLARARASI SARAYBOSNA ÜNİVERSİTESİ (SARAYBOSNA - BOSNA - HERSEK),Hukuk (Burslu),Hukuk,,,YURTDISI KAMU,,,EA,yokatlas_api,2026-07-22,2024,1.0,,,,0.0,
300110325,DOĞU AKDENİZ ÜNİVERSİTESİ (KKTC-GAZİMAĞUSA),Hukuk (Ücretli),Hukuk,999.0,KIBRIS,KKTC,,,EA,yokatlas_api,2026-07-22,2025,50.0,,,,356.37238,108149.0
300110325,DOĞU AKDENİZ ÜNİVERSİTESİ (KKTC-GAZİMAĞUSA),Hukuk (Ücretli),Hukuk,999.0,KIBRIS,KKTC,,,EA,yokatlas_api,2026-07-22,2024,34.0,,,,0.0,
300110325,DOĞU AKDENİZ ÜNİVERSİTESİ (KKTC-GAZİMAĞUSA),Hukuk (Ücretli),Hukuk,999.0,KIBRIS,KKTC,,,EA,yokatlas_api,2026-07-22,2023,50.0,,,,371.83134,100284.0
300110325,DOĞU AKDENİZ ÜNİVERSİTESİ (KKTC-GAZİMAĞUSA),Hukuk (Ücretli),Hukuk,999.0,KIBRIS,KKTC,,,EA,yokatlas_api,2026-07-22,2022,58.0,,,,376.24012,105818.0
202410511,İSTANBUL AYDIN ÜNİVERSİTESİ,Hukuk (%50 İndirimli),Hukuk,34.0,İSTANBUL,VAKIF,,,EA,yokatlas_api,2026-07-22,2025,90.0,,,,355.62091,110081.0
202410511,İSTANBUL AYDIN ÜNİVERSİTESİ,Hukuk (%50 İndirimli),Hukuk,34.0,İSTANBUL,VAKIF,,,EA,yokatlas_api,2026-07-22,2024,129.0,,,,357.99453,105618.0
202410511,İSTANBUL AYDIN ÜNİVERSİTESİ,Hukuk (%50 İndirimli),Hukuk,34.0,İSTANBUL,VAKIF,,,EA,yokatlas_api,2026-07-22,2023,136.0,,,,0.0,
202410511,İSTANBUL AYDIN ÜNİVERSİTESİ,Hukuk (%50 İndirimli),Hukuk,34.0,İSTANBUL,VAKIF,,,EA,yokatlas_api,2026-07-22,2022,170.0,,,,385.64954,85187.0
203510807,İZMİR EKONOMİ ÜNİVERSİTESİ,Hukuk (%50 İndirimli),Hukuk,35.0,İZMİR,VAKIF,,,EA,yokatlas_api,2026-07-22,2025,96.0,,,,355.03753,111594.0
203510807,İZMİR EKONOMİ ÜNİVERSİTESİ,Hukuk (%50 İndirimli),Hukuk,35.0,İZMİR,VAKIF,,,EA,yokatlas_api,2026-07-22,2024,136.0,,,,356.2162,109916.0
203510807,İZMİR EKONOMİ ÜNİVERSİTESİ,Hukuk (%50 İndirimli),Hukuk,35.0,İZMİR,VAKIF,,,EA,yokatlas_api,2026-07-22,2023,144.0,,,,377.01991,88491.0
203510807,İZMİR EKONOMİ ÜNİVERSİTESİ,Hukuk (%50 İndirimli),Hukuk,35.0,İZMİR,VAKIF,,,EA,yokatlas_api,2026-07-22,2022,144.0,,,,382.67872,91507.0
201290453,DOĞUŞ ÜNİVERSİTESİ (İSTANBUL),Hukuk (%50 İndirimli),Hukuk,34.0,İSTANBUL,VAKIF,,,EA,yokatlas_api,2026-07-22,2025,60.0,,,,354.99814,111689.0
201290453,DOĞUŞ ÜNİVERSİTESİ (İSTANBUL),Hukuk (%50 İndirimli),Hukuk,34.0,İSTANBUL,VAKIF,,,EA,yokatlas_api,2026-07-22,2024,81.0,,,,352.54805,119395.0
201290453,DOĞUŞ ÜNİVERSİTESİ (İSTANBUL),Hukuk (%50 İndirimli),Hukuk,34.0,İSTANBUL,VAKIF,,,EA,yokatlas_api,2026-07-22,2023,85.0,,,,0.0,
201290453,DOĞUŞ ÜNİVERSİTESİ (İSTANBUL),Hukuk (%50 İndirimli),Hukuk,34.0,İSTANBUL,VAKIF,,,EA,yokatlas_api,2026-07-22,2022,85.0,,,,0.0,
201490136,FATİH SULTAN MEHMET VAKIF ÜNİVERSİTESİ (İSTANBUL),Hukuk (%50 İndirimli),Hukuk,34.0,İSTANBUL,VAKIF,,,EA,yokatlas_api,2026-07-22,2025,89.0,,,,354.96673,111768.0
201490136,FATİH SULTAN MEHMET VAKIF ÜNİVERSİTESİ (İSTANBUL),Hukuk (%50 İndirimli),Hukuk,34.0,İSTANBUL,VAKIF,,,EA,yokatlas_api,2026-07-22,2024,127.0,,,,353.72027,116272.0
201490136,FATİH SULTAN MEHMET VAKIF ÜNİVERSİTESİ (İSTANBUL),Hukuk (%50 İndirimli),Hukuk,34.0,İSTANBUL,VAKIF,,,EA,yokatlas_api,2026-07-22,2023,123.0,,,,374.48347,94175.0
201490136,FATİH SULTAN MEHMET VAKIF ÜNİVERSİTESİ (İSTANBUL),Hukuk (%50 İndirimli),Hukuk,34.0,İSTANBUL,VAKIF,,,EA,yokatlas_api,2026-07-22,2022,127.0,,,,0.0,
201610433,HASAN KALYONCU ÜNİVERSİTESİ (GAZİANTEP),Hukuk (%50 İndirimli),Hukuk,27.0,GAZİANTEP,VAKIF,,,EA,yokatlas_api,2026-07-22,2025,98.0,,,,353.79695,114909.0
201610433,HASAN KALYONCU ÜNİVERSİTESİ (GAZİANTEP),Hukuk (%50 İndirimli),Hukuk,27.0,GAZİANTEP,VAKIF,,,EA,yokatlas_api,2026-07-22,2024,115.0,,,,362.38296,95374.0
201610433,HASAN KALYONCU ÜNİVERSİTESİ (GAZİANTEP),Hukuk (%50 İndirimli),Hukuk,27.0,GAZİANTEP,VAKIF,,,EA,yokatlas_api,2026-07-22,2023,123.0,,,,373.63916,96089.0
201610433,HASAN KALYONCU ÜNİVERSİTESİ (GAZİANTEP),Hukuk (%50 İndirimli),Hukuk,27.0,GAZİANTEP,VAKIF,,,EA,yokatlas_api,2026-07-22,2022,123.0,,,,375.46977,107610.0
209510124,ANKARA BİLİM ÜNİVERSİTESİ,Hukuk (%50 İndirimli),Hukuk,6.0,ANKARA,VAKIF,,,EA,yokatlas_api,2026-07-22,2025,52.0,,,,353.17363,116522.0
209510124,ANKARA BİLİM ÜNİVERSİTESİ,Hukuk (%50 İndirimli),Hukuk,6.0,ANKARA,VAKIF,,,EA,yokatlas_api,2026-07-22,2024,64.0,,,,358.20653,105166.0
209510124,ANKARA BİLİM ÜNİVERSİTESİ,Hukuk (%50 İndirimli),Hukuk,6.0,ANKARA,VAKIF,,,EA,yokatlas_api,2026-07-22,2023,60.0,,,,366.84644,112481.0
209510124,ANKARA BİLİM ÜNİVERSİTESİ,Hukuk (%50 İndirimli),Hukuk,6.0,ANKARA,VAKIF,,,EA,yokatlas_api,2026-07-22,2022,48.0,,,,0.0,
202910799,ALTINBAŞ ÜNİVERSİTESİ (İSTANBUL),Hukuk (UOLP-Köln Üniversitesi) (%50 İndirimli),Hukuk,34.0,İSTANBUL,VAKIF,,,EA,yokatlas_api,2026-07-22,2025,14.0,,,,352.74329,117681.0
202910799,ALTINBAŞ ÜNİVERSİTESİ (İSTANBUL),Hukuk (UOLP-Köln Üniversitesi) (%50 İndirimli),Hukuk,34.0,İSTANBUL,VAKIF,,,EA,yokatlas_api,2026-07-22,2024,17.0,,,,355.76578,111063.0
202910799,ALTINBAŞ ÜNİVERSİTESİ (İSTANBUL),Hukuk (UOLP-Köln Üniversitesi) (%50 İndirimli),Hukuk,34.0,İSTANBUL,VAKIF,,,EA,yokatlas_api,2026-07-22,2023,13.0,,,,375.41633,92055.0
202910799,ALTINBAŞ ÜNİVERSİTESİ (İSTANBUL),Hukuk (UOLP-Köln Üniversitesi) (%50 İndirimli),Hukuk,34.0,İSTANBUL,VAKIF,,,EA,yokatlas_api,2026-07-22,2022,13.0,,,,374.6272,109590.0
110910238,ANKARA SOSYAL BİLİMLER ÜNİVERSİTESİ,Hukuk (Ücretli),Hukuk,999.0,KIBRIS,DEVLET,,,EA,yokatlas_api,2026-07-22,2025,5.0,,,,351.63899,120792.0
110910238,ANKARA SOSYAL BİLİMLER ÜNİVERSİTESİ,Hukuk (Ücretli),Hukuk,999.0,KIBRIS,DEVLET,,,EA,yokatlas_api,2026-07-22,2024,5.0,,,,352.16178,120413.0
110910238,ANKARA SOSYAL BİLİMLER ÜNİVERSİTESİ,Hukuk (Ücretli),Hukuk,999.0,KIBRIS,DEVLET,,,EA,yokatlas_api,2026-07-22,2023,1.0,,,,0.0,
110910238,ANKARA SOSYAL BİLİMLER ÜNİVERSİTESİ,Hukuk (Ücretli),Hukuk,999.0,KIBRIS,DEVLET,,,EA,yokatlas_api,2026-07-22,2022,5.0,,,,0.0,
203410368,İSTANBUL TİCARET ÜNİVERSİTESİ,Hukuk (%50 İndirimli),Hukuk,34.0,İSTANBUL,VAKIF,,,EA,yokatlas_api,2026-07-22,2025,81.0,,,,350.40096,124250.0
203410368,İSTANBUL TİCARET ÜNİVERSİTESİ,Hukuk (%50 İndirimli),Hukuk,34.0,İSTANBUL,VAKIF,,,EA,yokatlas_api,2026-07-22,2024,120.0,,,,0.0,
408810932,ULUSLARARASI SARAYBOSNA ÜNİVERSİTESİ (SARAYBOSNA - BOSNA - HERSEK),Hukuk (%50 İndirimli),Hukuk,,,YURTDISI KAMU,,,EA,yokatlas_api,2026-07-22,2025,10.0,,,,0.0,
408810932,ULUSLARARASI SARAYBOSNA ÜNİVERSİTESİ (SARAYBOSNA - BOSNA - HERSEK),Hukuk (%50 İndirimli),Hukuk,,,YURTDISI KAMU,,,EA,yokatlas_api,2026-07-22,2024,10.0,,,,0.0,
408810932,ULUSLARARASI SARAYBOSNA ÜNİVERSİTESİ (SARAYBOSNA - BOSNA - HERSEK),Hukuk (%50 İndirimli),Hukuk,,,YURTDISI KAMU,,,EA,yokatlas_api,2026-07-22,2023,5.0,,,,0.0,
409610825,ULUSLARARASI BALKAN ÜNİVERSİTESİ (ÜSKÜP-MAKEDONYA),Hukuk (%50 İndirimli),Hukuk,,,YURTDISI KAMU,,,EA,yokatlas_api,2026-07-22,2025,15.0,,,,0.0,
409610825,ULUSLARARASI BALKAN ÜNİVERSİTESİ (ÜSKÜP-MAKEDONYA),Hukuk (%50 İndirimli),Hukuk,,,YURTDISI KAMU,,,EA,yokatlas_api,2026-07-22,2024,7.0,,,,0.0,
409610825,ULUSLARARASI BALKAN ÜNİVERSİTESİ (ÜSKÜP-MAKEDONYA),Hukuk (%50 İndirimli),Hukuk,,,YURTDISI KAMU,,,EA,yokatlas_api,2026-07-22,2023,5.0,,,,0.0,
409900108,TİRAN NEW YORK ÜNİVERSİTESİ (TİRAN-ARNAVUTLUK),Hukuk (Ücretli),Hukuk,,,YURTDISI KAMU,,,EA,yokatlas_api,2026-07-22,2025,3.0,,,,0.0,
409900108,TİRAN NEW YORK ÜNİVERSİTESİ (TİRAN-ARNAVUTLUK),Hukuk (Ücretli),Hukuk,,,YURTDISI KAMU,,,EA,yokatlas_api,2026-07-22,2024,3.0,,,,0.0,
409900129,TİRAN NEW YORK ÜNİVERSİTESİ (TİRAN-ARNAVUTLUK),Hukuk (%50 İndirimli),Hukuk,,,YURTDISI KAMU,,,EA,yokatlas_api,2026-07-22,2025,5.0,,,,0.0,
409900129,TİRAN NEW YORK ÜNİVERSİTESİ (TİRAN-ARNAVUTLUK),Hukuk (%50 İndirimli),Hukuk,,,YURTDISI KAMU,,,EA,yokatlas_api,2026-07-22,2024,5.0,,,,0.0,
409900136,TİRAN NEW YORK ÜNİVERSİTESİ (TİRAN-ARNAVUTLUK),Hukuk (%25 İndirimli),Hukuk,,,YURTDISI KAMU,,,EA,yokatlas_api,2026-07-22,2025,8.0,,,,0.0,
409900136,TİRAN NEW YORK ÜNİVERSİTESİ (TİRAN-ARNAVUTLUK),Hukuk (%25 İndirimli),Hukuk,,,YURTDISI KAMU,,,EA,yokatlas_api,2026-07-22,2024,8.0,,,,0.0,
105600528,İSTANBUL ÜNİVERSİTESİ,Hukuk (İngilizce (%30)) (UOLP-Uluslararası Saraybosna Üniversitesi) (%25 İndirimli),Hukuk,34.0,İSTANBUL,DEVLET,,,EA,yokatlas_api,2026-07-22,2025,25.0,,,,0.0,
107200444,MARMARA ÜNİVERSİTESİ (İSTANBUL),Hukuk (İngilizce (%30)) (UOLP-Uluslararası Saraybosna Üniversitesi) (%25 İndirimli),Hukuk,34.0,İSTANBUL,DEVLET,,,EA,yokatlas_api,2026-07-22,2025,20.0,,,,0.0,
202990407,ALTINBAŞ ÜNİVERSİTESİ (İSTANBUL),Hukuk (%50 İndirimli),Hukuk,34.0,İSTANBUL,VAKIF,,,EA,yokatlas_api,2026-07-22,2025,68.0,,,,0.0,
202990407,ALTINBAŞ ÜNİVERSİTESİ (İSTANBUL),Hukuk (%50 İndirimli),Hukuk,34.0,İSTANBUL,VAKIF,,,EA,yokatlas_api,2026-07-22,2024,97.0,,,,0.0,
202990407,ALTINBAŞ ÜNİVERSİTESİ (İSTANBUL),Hukuk (%50 İndirimli),Hukuk,34.0,İSTANBUL,VAKIF,,,EA,yokatlas_api,2026-07-22,2023,,,,,0.0,
202990407,ALTINBAŞ ÜNİVERSİTESİ (İSTANBUL),Hukuk (%50 İndirimli),Hukuk,34.0,İSTANBUL,VAKIF,,,EA,yokatlas_api,2026-07-22,2022,,,,,377.0356,104078.0
209210058,ANKARA MEDİPOL ÜNİVERSİTESİ,Hukuk (Ücretli),Hukuk,6.0,ANKARA,VAKIF,,,EA,yokatlas_api,2026-07-22,2025,82.0,,,,0.0,
209210058,ANKARA MEDİPOL ÜNİVERSİTESİ,Hukuk (Ücretli),Hukuk,6.0,ANKARA,VAKIF,,,EA,yokatlas_api,2026-07-22,2023,7.0,,,,393.23253,56230.0
209210058,ANKARA MEDİPOL ÜNİVERSİTESİ,Hukuk (Ücretli),Hukuk,6.0,ANKARA,VAKIF,,,EA,yokatlas_api,2026-07-22,2022,7.0,,,,388.58834,79224.0
200290215,ATILIM ÜNİVERSİTESİ (ANKARA),Hukuk (%50 İndirimli),Hukuk,6.0,ANKARA,VAKIF,,,EA,yokatlas_api,2026-07-22,2025,113.0,,,,0.0,
200290215,ATILIM ÜNİVERSİTESİ (ANKARA),Hukuk (%50 İndirimli),Hukuk,6.0,ANKARA,VAKIF,,,EA,yokatlas_api,2026-07-22,2024,158.0,,,,352.42844,119722.0
200290215,ATILIM ÜNİVERSİTESİ (ANKARA),Hukuk (%50 İndirimli),Hukuk,6.0,ANKARA,VAKIF,,,EA,yokatlas_api,2026-07-22,2023,170.0,,,,370.7144,102925.0
200290215,ATILIM ÜNİVERSİTESİ (ANKARA),Hukuk (%50 İndirimli),Hukuk,6.0,ANKARA,VAKIF,,,EA,yokatlas_api,2026-07-22,2022,170.0,,,,375.78582,106896.0
200511559,BAHÇEŞEHİR ÜNİVERSİTESİ (İSTANBUL),Hukuk (Ücretli),Hukuk,34.0,İSTANBUL,VAKIF,,,EA,yokatlas_api,2026-07-22,2025,18.0,,,,0.0,
200511559,BAHÇEŞEHİR ÜNİVERSİTESİ (İSTANBUL),Hukuk (Ücretli),Hukuk,34.0,İSTANBUL,VAKIF,,,EA,yokatlas_api,2026-07-22,2024,47.0,,,,0.0,
200511559,BAHÇEŞEHİR ÜNİVERSİTESİ (İSTANBUL),Hukuk (Ücretli),Hukuk,34.0,İSTANBUL,VAKIF,,,EA,yokatlas_api,2026-07-22,2023,68.0,,,,0.0,
200511559,BAHÇEŞEHİR ÜNİVERSİTESİ (İSTANBUL),Hukuk (Ücretli),Hukuk,34.0,İSTANBUL,VAKIF,,,EA,yokatlas_api,2026-07-22,2022,123.0,,,,369.6815,121492.0
200610278,BAŞKENT ÜNİVERSİTESİ (ANKARA),Hukuk (Ücretli),Hukuk,6.0,ANKARA,VAKIF,,,EA,yokatlas_api,2026-07-22,2025,8.0,,,,0.0,
200610278,BAŞKENT ÜNİVERSİTESİ (ANKARA),Hukuk (Ücretli),Hukuk,6.0,ANKARA,VAKIF,,,EA,yokatlas_api,2026-07-22,2024,23.0,,,,0.0,
200610278,BAŞKENT ÜNİVERSİTESİ (ANKARA),Hukuk (Ücretli),Hukuk,6.0,ANKARA,VAKIF,,,EA,yokatlas_api,2026-07-22,2023,46.0,,,,0.0,
200610278,BAŞKENT ÜNİVERSİTESİ (ANKARA),Hukuk (Ücretli),Hukuk,6.0,ANKARA,VAKIF,,,EA,yokatlas_api,2026-07-22,2022,49.0,,,,376.22578,105855.0
201010254,ÇAĞ ÜNİVERSİTESİ (MERSİN),Hukuk (%50 İndirimli),Hukuk,33.0,MERSİN,VAKIF,,,EA,yokatlas_api,2026-07-22,2025,113.0,,,,0.0,
201010254,ÇAĞ ÜNİVERSİTESİ (MERSİN),Hukuk (%50 İndirimli),Hukuk,33.0,MERSİN,VAKIF,,,EA,yokatlas_api,2026-07-22,2024,161.0,,,,0.0,
201010254,ÇAĞ ÜNİVERSİTESİ (MERSİN),Hukuk (%50 İndirimli),Hukuk,33.0,MERSİN,VAKIF,,,EA,yokatlas_api,2026-07-22,2023,170.0,,,,376.74667,89089.0
201010254,ÇAĞ ÜNİVERSİTESİ (MERSİN),Hukuk (%50 İndirimli),Hukuk,33.0,MERSİN,VAKIF,,,EA,yokatlas_api,2026-07-22,2022,166.0,,,,381.54318,93954.0
201110695,ÇANKAYA ÜNİVERSİTESİ (ANKARA),Hukuk (%50 İndirimli),Hukuk,6.0,ANKARA,VAKIF,,,EA,yokatlas_api,2026-07-22,2025,95.0,,,,0.0,
201110695,ÇANKAYA ÜNİVERSİTESİ (ANKARA),Hukuk (%50 İndirimli),Hukuk,6.0,ANKARA,VAKIF,,,EA,yokatlas_api,2026-07-22,2024,136.0,,,,357.34992,107160.0
201110695,ÇANKAYA ÜNİVERSİTESİ (ANKARA),Hukuk (%50 İndirimli),Hukuk,6.0,ANKARA,VAKIF,,,EA,yokatlas_api,2026-07-22,2023,126.0,,,,386.44739,68702.0
201110695,ÇANKAYA ÜNİVERSİTESİ (ANKARA),Hukuk (%50 İndirimli),Hukuk,6.0,ANKARA,VAKIF,,,EA,yokatlas_api,2026-07-22,2022,107.0,,,,389.20448,77940.0
201650248,HASAN KALYONCU ÜNİVERSİTESİ (GAZİANTEP),Hukuk (Ücretli),Hukuk,27.0,GAZİANTEP,VAKIF,,,EA,yokatlas_api,2026-07-22,2025,4.0,,,,0.0,
201650248,HASAN KALYONCU ÜNİVERSİTESİ (GAZİANTEP),Hukuk (Ücretli),Hukuk,27.0,GAZİANTEP,VAKIF,,,EA,yokatlas_api,2026-07-22,2024,30.0,,,,0.0,
201650248,HASAN KALYONCU ÜNİVERSİTESİ (GAZİANTEP),Hukuk (Ücretli),Hukuk,27.0,GAZİANTEP,VAKIF,,,EA,yokatlas_api,2026-07-22,2023,30.0,,,,363.65397,120865.0
201650248,HASAN KALYONCU ÜNİVERSİTESİ (GAZİANTEP),Hukuk (Ücretli),Hukuk,27.0,GAZİANTEP,VAKIF,,,EA,yokatlas_api,2026-07-22,2022,30.0,,,,0.0,
208610115,İBN HALDUN ÜNİVERSİTESİ (İSTANBUL),Hukuk (%50 İndirimli),Hukuk,34.0,İSTANBUL,VAKIF,,,EA,yokatlas_api,2026-07-22,2025,2.0,,,,0.0,
210301424,İSTANBUL BEYKENT ÜNİVERSİTESİ,Hukuk (%50 İndirimli),Hukuk,34.0,İSTANBUL,VAKIF,,,EA,yokatlas_api,2026-07-22,2025,41.0,,,,0.0,
210301424,İSTANBUL BEYKENT ÜNİVERSİTESİ,Hukuk (%50 İndirimli),Hukuk,34.0,İSTANBUL,VAKIF,,,EA,yokatlas_api,2026-07-22,2024,48.0,,,,350.66849,124395.0
210301424,İSTANBUL BEYKENT ÜNİVERSİTESİ,Hukuk (%50 İndirimli),Hukuk,34.0,İSTANBUL,VAKIF,,,EA,yokatlas_api,2026-07-22,2023,50.0,,,,0.0,
210301424,İSTANBUL BEYKENT ÜNİVERSİTESİ,Hukuk (%50 İndirimli),Hukuk,34.0,İSTANBUL,VAKIF,,,EA,yokatlas_api,2026-07-22,2022,64.0,,,,0.0,
202511102,İSTANBUL BİLGİ ÜNİVERSİTESİ,Hukuk (%50 İndirimli),Hukuk,34.0,İSTANBUL,VAKIF,,,EA,yokatlas_api,2026-07-22,2025,99.0,,,,0.0,
202511102,İSTANBUL BİLGİ ÜNİVERSİTESİ,Hukuk (%50 İndirimli),Hukuk,34.0,İSTANBUL,VAKIF,,,EA,yokatlas_api,2026-07-22,2024,141.0,,,,0.0,
202511102,İSTANBUL BİLGİ ÜNİVERSİTESİ,Hukuk (%50 İndirimli),Hukuk,34.0,İSTANBUL,VAKIF,,,EA,yokatlas_api,2026-07-22,2023,149.0,,,,0.0,
202511102,İSTANBUL BİLGİ ÜNİVERSİTESİ,Hukuk (%50 İndirimli),Hukuk,34.0,İSTANBUL,VAKIF,,,EA,yokatlas_api,2026-07-22,2022,131.0,,,,388.80681,78781.0
201790259,İSTANBUL GEDİK ÜNİVERSİTESİ,Hukuk (%50 İndirimli),Hukuk,34.0,İSTANBUL,VAKIF,,,EA,yokatlas_api,2026-07-22,2025,60.0,,,,0.0,
201790259,İSTANBUL GEDİK ÜNİVERSİTESİ,Hukuk (%50 İndirimli),Hukuk,34.0,İSTANBUL,VAKIF,,,EA,yokatlas_api,2026-07-22,2024,81.0,,,,0.0,
201790259,İSTANBUL GEDİK ÜNİVERSİTESİ,Hukuk (%50 İndirimli),Hukuk,34.0,İSTANBUL,VAKIF,,,EA,yokatlas_api,2026-07-22,2023,85.0,,,,362.70789,123367.0
201790259,İSTANBUL GEDİK ÜNİVERSİTESİ,Hukuk (%50 İndirimli),Hukuk,34.0,İSTANBUL,VAKIF,,,EA,yokatlas_api,2026-07-22,2022,80.0,,,,0.0,
202210339,İSTANBUL 29 MAYIS ÜNİVERSİTESİ,Hukuk (%50 İndirimli),Hukuk,34.0,İSTANBUL,VAKIF,,,EA,yokatlas_api,2026-07-22,2025,113.0,,,,0.0,
202210339,İSTANBUL 29 MAYIS ÜNİVERSİTESİ,Hukuk (%50 İndirimli),Hukuk,34.0,İSTANBUL,VAKIF,,,EA,yokatlas_api,2026-07-22,2024,161.0,,,,367.6758,84134.0
202210339,İSTANBUL 29 MAYIS ÜNİVERSİTESİ,Hukuk (%50 İndirimli),Hukuk,34.0,İSTANBUL,VAKIF,,,EA,yokatlas_api,2026-07-22,2023,170.0,,,,381.84865,77957.0
202210339,İSTANBUL 29 MAYIS ÜNİVERSİTESİ,Hukuk (%50 İndirimli),Hukuk,34.0,İSTANBUL,VAKIF,,,EA,yokatlas_api,2026-07-22,2022,153.0,,,,386.45403,83567.0
203010178,İSTANBUL KÜLTÜR ÜNİVERSİTESİ,Hukuk (Ücretli),Hukuk,34.0,İSTANBUL,VAKIF,,,EA,yokatlas_api,2026-07-22,2025,3.0,,,,0.0,
203010178,İSTANBUL KÜLTÜR ÜNİVERSİTESİ,Hukuk (Ücretli),Hukuk,34.0,İSTANBUL,VAKIF,,,EA,yokatlas_api,2026-07-22,2024,5.0,,,,0.0,
203010178,İSTANBUL KÜLTÜR ÜNİVERSİTESİ,Hukuk (Ücretli),Hukuk,34.0,İSTANBUL,VAKIF,,,EA,yokatlas_api,2026-07-22,2023,9.0,,,,363.22514,122001.0
203010178,İSTANBUL KÜLTÜR ÜNİVERSİTESİ,Hukuk (Ücretli),Hukuk,34.0,İSTANBUL,VAKIF,,,EA,yokatlas_api,2026-07-22,2022,9.0,,,,0.0,
203090173,İSTANBUL KÜLTÜR ÜNİVERSİTESİ,Hukuk (%50 İndirimli),Hukuk,34.0,İSTANBUL,VAKIF,,,EA,yokatlas_api,2026-07-22,2025,93.0,,,,0.0,
203090173,İSTANBUL KÜLTÜR ÜNİVERSİTESİ,Hukuk (%50 İndirimli),Hukuk,34.0,İSTANBUL,VAKIF,,,EA,yokatlas_api,2026-07-22,2024,131.0,,,,0.0,
203090173,İSTANBUL KÜLTÜR ÜNİVERSİTESİ,Hukuk (%50 İndirimli),Hukuk,34.0,İSTANBUL,VAKIF,,,EA,yokatlas_api,2026-07-22,2023,135.0,,,,368.12477,109238.0
203090173,İSTANBUL KÜLTÜR ÜNİVERSİTESİ,Hukuk (%50 İndirimli),Hukuk,34.0,İSTANBUL,VAKIF,,,EA,yokatlas_api,2026-07-22,2022,135.0,,,,381.07813,94992.0
203111193,İSTANBUL MEDİPOL ÜNİVERSİTESİ,Hukuk (Ücretli),Hukuk,34.0,İSTANBUL,VAKIF,,,EA,yokatlas_api,2026-07-22,2025,102.0,,,,0.0,
203111193,İSTANBUL MEDİPOL ÜNİVERSİTESİ,Hukuk (Ücretli),Hukuk,34.0,İSTANBUL,VAKIF,,,EA,yokatlas_api,2026-07-22,2022,3.0,,,,376.62867,104968.0
204711069,İSTANBUL OKAN ÜNİVERSİTESİ,Hukuk (%50 İndirimli),Hukuk,34.0,İSTANBUL,VAKIF,,,EA,yokatlas_api,2026-07-22,2025,51.0,,,,0.0,
204711069,İSTANBUL OKAN ÜNİVERSİTESİ,Hukuk (%50 İndirimli),Hukuk,34.0,İSTANBUL,VAKIF,,,EA,yokatlas_api,2026-07-22,2024,68.0,,,,0.0,
204711069,İSTANBUL OKAN ÜNİVERSİTESİ,Hukuk (%50 İndirimli),Hukuk,34.0,İSTANBUL,VAKIF,,,EA,yokatlas_api,2026-07-22,2023,72.0,,,,0.0,
204711069,İSTANBUL OKAN ÜNİVERSİTESİ,Hukuk (%50 İndirimli),Hukuk,34.0,İSTANBUL,VAKIF,,,EA,yokatlas_api,2026-07-22,2022,72.0,,,,0.0,
203211487,İSTANBUL SABAHATTİN ZAİM ÜNİVERSİTESİ,Hukuk (Ücretli),Hukuk,34.0,İSTANBUL,VAKIF,,,EA,yokatlas_api,2026-07-22,2025,6.0,,,,0.0,
203211487,İSTANBUL SABAHATTİN ZAİM ÜNİVERSİTESİ,Hukuk (Ücretli),Hukuk,34.0,İSTANBUL,VAKIF,,,EA,yokatlas_api,2026-07-22,2024,19.0,,,,351.00972,123409.0
203211487,İSTANBUL SABAHATTİN ZAİM ÜNİVERSİTESİ,Hukuk (Ücretli),Hukuk,34.0,İSTANBUL,VAKIF,,,EA,yokatlas_api,2026-07-22,2023,15.0,,,,0.0,
203410077,İSTANBUL TİCARET ÜNİVERSİTESİ,Hukuk (Ücretli),Hukuk,34.0,İSTANBUL,VAKIF,,,EA,yokatlas_api,2026-07-22,2025,14.0,,,,0.0,
203410077,İSTANBUL TİCARET ÜNİVERSİTESİ,Hukuk (Ücretli),Hukuk,34.0,İSTANBUL,VAKIF,,,EA,yokatlas_api,2026-07-22,2024,16.0,,,,0.0,
203410077,İSTANBUL TİCARET ÜNİVERSİTESİ,Hukuk (Ücretli),Hukuk,34.0,İSTANBUL,VAKIF,,,EA,yokatlas_api,2026-07-22,2023,49.0,,,,362.83703,123009.0
203410077,İSTANBUL TİCARET ÜNİVERSİTESİ,Hukuk (Ücretli),Hukuk,34.0,İSTANBUL,VAKIF,,,EA,yokatlas_api,2026-07-22,2022,44.0,,,,376.26919,105744.0
204010015,KTO KARATAY ÜNİVERSİTESİ (KONYA),Hukuk (Ücretli),Hukuk,42.0,KONYA,VAKIF,,,EA,yokatlas_api,2026-07-22,2025,66.0,,,,0.0,
204010015,KTO KARATAY ÜNİVERSİTESİ (KONYA),Hukuk (Ücretli),Hukuk,42.0,KONYA,VAKIF,,,EA,yokatlas_api,2026-07-22,2024,89.0,,,,0.0,
204010015,KTO KARATAY ÜNİVERSİTESİ (KONYA),Hukuk (Ücretli),Hukuk,42.0,KONYA,VAKIF,,,EA,yokatlas_api,2026-07-22,2023,120.0,,,,367.02448,112056.0
204010015,KTO KARATAY ÜNİVERSİTESİ (KONYA),Hukuk (Ücretli),Hukuk,42.0,KONYA,VAKIF,,,EA,yokatlas_api,2026-07-22,2022,119.0,,,,370.61872,119198.0
204111939,MALTEPE ÜNİVERSİTESİ (İSTANBUL),Hukuk (Ücretli),Hukuk,34.0,İSTANBUL,VAKIF,,,EA,yokatlas_api,2026-07-22,2025,5.0,,,,0.0,
204111939,MALTEPE ÜNİVERSİTESİ (İSTANBUL),Hukuk (Ücretli),Hukuk,34.0,İSTANBUL,VAKIF,,,EA,yokatlas_api,2026-07-22,2024,13.0,,,,350.90722,123712.0
204111939,MALTEPE ÜNİVERSİTESİ (İSTANBUL),Hukuk (Ücretli),Hukuk,34.0,İSTANBUL,VAKIF,,,EA,yokatlas_api,2026-07-22,2023,4.0,,,,0.0,
204111939,MALTEPE ÜNİVERSİTESİ (İSTANBUL),Hukuk (Ücretli),Hukuk,34.0,İSTANBUL,VAKIF,,,EA,yokatlas_api,2026-07-22,2022,25.0,,,,0.0,
204190427,MALTEPE ÜNİVERSİTESİ (İSTANBUL),Hukuk (%50 İndirimli),Hukuk,34.0,İSTANBUL,VAKIF,,,EA,yokatlas_api,2026-07-22,2025,26.0,,,,0.0,
204190427,MALTEPE ÜNİVERSİTESİ (İSTANBUL),Hukuk (%50 İndirimli),Hukuk,34.0,İSTANBUL,VAKIF,,,EA,yokatlas_api,2026-07-22,2024,24.0,,,,364.38318,90950.0
204190427,MALTEPE ÜNİVERSİTESİ (İSTANBUL),Hukuk (%50 İndirimli),Hukuk,34.0,İSTANBUL,VAKIF,,,EA,yokatlas_api,2026-07-22,2023,4.0,,,,0.0,
207210358,MEF ÜNİVERSİTESİ (İSTANBUL),Hukuk (%50 İndirimli),Hukuk,34.0,İSTANBUL,VAKIF,,,EA,yokatlas_api,2026-07-22,2025,63.0,,,,0.0,
207210358,MEF ÜNİVERSİTESİ (İSTANBUL),Hukuk (%50 İndirimli),Hukuk,34.0,İSTANBUL,VAKIF,,,EA,yokatlas_api,2026-07-22,2024,84.0,,,,350.54048,124752.0
207210358,MEF ÜNİVERSİTESİ (İSTANBUL),Hukuk (%50 İndirimli),Hukuk,34.0,İSTANBUL,VAKIF,,,EA,yokatlas_api,2026-07-22,2023,89.0,,,,0.0,
207210358,MEF ÜNİVERSİTESİ (İSTANBUL),Hukuk (%50 İndirimli),Hukuk,34.0,İSTANBUL,VAKIF,,,EA,yokatlas_api,2026-07-22,2022,129.0,,,,371.6583,116611.0
204610464,NUH NACİ YAZGAN ÜNİVERSİTESİ (KAYSERİ),Hukuk (Ücretli),Hukuk,38.0,KAYSERİ,VAKIF,,,EA,yokatlas_api,2026-07-22,2025,5.0,,,,0.0,
204610464,NUH NACİ YAZGAN ÜNİVERSİTESİ (KAYSERİ),Hukuk (Ücretli),Hukuk,38.0,KAYSERİ,VAKIF,,,EA,yokatlas_api,2026-07-22,2024,13.0,,,,0.0,
204610464,NUH NACİ YAZGAN ÜNİVERSİTESİ (KAYSERİ),Hukuk (Ücretli),Hukuk,38.0,KAYSERİ,VAKIF,,,EA,yokatlas_api,2026-07-22,2023,23.0,,,,363.77351,120528.0
204610464,NUH NACİ YAZGAN ÜNİVERSİTESİ (KAYSERİ),Hukuk (Ücretli),Hukuk,38.0,KAYSERİ,VAKIF,,,EA,yokatlas_api,2026-07-22,2022,38.0,,,,0.0,
204950396,PİRİ REİS ÜNİVERSİTESİ (İSTANBUL),Hukuk (Ücretli),Hukuk,34.0,İSTANBUL,VAKIF,,,EA,yokatlas_api,2026-07-22,2025,12.0,,,,0.0,
204950396,PİRİ REİS ÜNİVERSİTESİ (İSTANBUL),Hukuk (Ücretli),Hukuk,34.0,İSTANBUL,VAKIF,,,EA,yokatlas_api,2026-07-22,2024,11.0,,,,350.94903,123582.0
204950396,PİRİ REİS ÜNİVERSİTESİ (İSTANBUL),Hukuk (Ücretli),Hukuk,34.0,İSTANBUL,VAKIF,,,EA,yokatlas_api,2026-07-22,2023,8.0,,,,0.0,
204950396,PİRİ REİS ÜNİVERSİTESİ (İSTANBUL),Hukuk (Ücretli),Hukuk,34.0,İSTANBUL,VAKIF,,,EA,yokatlas_api,2026-07-22,2022,16.0,,,,0.0,
205410265,TOBB EKONOMİ VE TEKNOLOJİ ÜNİVERSİTESİ (ANKARA),Hukuk (Ücretli),Hukuk,6.0,ANKARA,VAKIF,,,EA,yokatlas_api,2026-07-22,2025,25.0,,,,0.0,
205410265,TOBB EKONOMİ VE TEKNOLOJİ ÜNİVERSİTESİ (ANKARA),Hukuk (Ücretli),Hukuk,6.0,ANKARA,VAKIF,,,EA,yokatlas_api,2026-07-22,2024,57.0,,,,352.41373,119767.0
205410265,TOBB EKONOMİ VE TEKNOLOJİ ÜNİVERSİTESİ (ANKARA),Hukuk (Ücretli),Hukuk,6.0,ANKARA,VAKIF,,,EA,yokatlas_api,2026-07-22,2023,60.0,,,,369.69938,105404.0
205410265,TOBB EKONOMİ VE TEKNOLOJİ ÜNİVERSİTESİ (ANKARA),Hukuk (Ücretli),Hukuk,6.0,ANKARA,VAKIF,,,EA,yokatlas_api,2026-07-22,2022,55.0,,,,384.63741,87310.0
301410038,ADA KENT ÜNİVERSİTESİ (KKTC-GAZİMAĞUSA),Hukuk (%50 İndirimli),Hukuk,999.0,KIBRIS,KKTC,,,EA,yokatlas_api,2026-07-22,2025,17.0,,,,0.0,
301410038,ADA KENT ÜNİVERSİTESİ (KKTC-GAZİMAĞUSA),Hukuk (%50 İndirimli),Hukuk,999.0,KIBRIS,KKTC,,,EA,yokatlas_api,2026-07-22,2024,17.0,,,,0.0,
301410038,ADA KENT ÜNİVERSİTESİ (KKTC-GAZİMAĞUSA),Hukuk (%50 İndirimli),Hukuk,999.0,KIBRIS,KKTC,,,EA,yokatlas_api,2026-07-22,2023,17.0,,,,0.0,
301410038,ADA KENT ÜNİVERSİTESİ (KKTC-GAZİMAĞUSA),Hukuk (%50 İndirimli),Hukuk,999.0,KIBRIS,KKTC,,,EA,yokatlas_api,2026-07-22,2022,34.0,,,,0.0,
300190423,DOĞU AKDENİZ ÜNİVERSİTESİ (KKTC-GAZİMAĞUSA),Hukuk (%50 İndirimli),Hukuk,999.0,KIBRIS,KKTC,,,EA,yokatlas_api,2026-07-22,2025,33.0,,,,0.0,
300190423,DOĞU AKDENİZ ÜNİVERSİTESİ (KKTC-GAZİMAĞUSA),Hukuk (%50 İndirimli),Hukuk,999.0,KIBRIS,KKTC,,,EA,yokatlas_api,2026-07-22,2024,43.0,,,,0.0,
300190423,DOĞU AKDENİZ ÜNİVERSİTESİ (KKTC-GAZİMAĞUSA),Hukuk (%50 İndirimli),Hukuk,999.0,KIBRIS,KKTC,,,EA,yokatlas_api,2026-07-22,2023,43.0,,,,366.88499,112387.0
300190423,DOĞU AKDENİZ ÜNİVERSİTESİ (KKTC-GAZİMAĞUSA),Hukuk (%50 İndirimli),Hukuk,999.0,KIBRIS,KKTC,,,EA,yokatlas_api,2026-07-22,2022,36.0,,,,370.75211,118867.0
300211094,GİRNE AMERİKAN ÜNİVERSİTESİ (KKTC-GİRNE),Hukuk (Ücretli),Hukuk,999.0,KIBRIS,KKTC,,,EA,yokatlas_api,2026-07-22,2025,4.0,,,,0.0,
300211094,GİRNE AMERİKAN ÜNİVERSİTESİ (KKTC-GİRNE),Hukuk (Ücretli),Hukuk,999.0,KIBRIS,KKTC,,,EA,yokatlas_api,2026-07-22,2024,10.0,,,,0.0,
300211094,GİRNE AMERİKAN ÜNİVERSİTESİ (KKTC-GİRNE),Hukuk (Ücretli),Hukuk,999.0,KIBRIS,KKTC,,,EA,yokatlas_api,2026-07-22,2023,15.0,,,,0.0,
300211094,GİRNE AMERİKAN ÜNİVERSİTESİ (KKTC-GİRNE),Hukuk (Ücretli),Hukuk,999.0,KIBRIS,KKTC,,,EA,yokatlas_api,2026-07-22,2022,20.0,,,,0.0,
300212259,GİRNE AMERİKAN ÜNİVERSİTESİ (KKTC-GİRNE),Hukuk (%50 İndirimli),Hukuk,999.0,KIBRIS,KKTC,,,EA,yokatlas_api,2026-07-22,2025,11.0,,,,0.0,
300212259,GİRNE AMERİKAN ÜNİVERSİTESİ (KKTC-GİRNE),Hukuk (%50 İndirimli),Hukuk,999.0,KIBRIS,KKTC,,,EA,yokatlas_api,2026-07-22,2024,10.0,,,,354.81108,113505.0
300212259,GİRNE AMERİKAN ÜNİVERSİTESİ (KKTC-GİRNE),Hukuk (%50 İndirimli),Hukuk,999.0,KIBRIS,KKTC,,,EA,yokatlas_api,2026-07-22,2023,10.0,,,,0.0,
300212259,GİRNE AMERİKAN ÜNİVERSİTESİ (KKTC-GİRNE),Hukuk (%50 İndirimli),Hukuk,999.0,KIBRIS,KKTC,,,EA,yokatlas_api,2026-07-22,2022,18.0,,,,0.0,
300710655,GİRNE ÜNİVERSİTESİ (KKTC-GİRNE),Hukuk (%50 İndirimli),Hukuk,999.0,KIBRIS,KKTC,,,EA,yokatlas_api,2026-07-22,2025,6.0,,,,0.0,
300710655,GİRNE ÜNİVERSİTESİ (KKTC-GİRNE),Hukuk (%50 İndirimli),Hukuk,999.0,KIBRIS,KKTC,,,EA,yokatlas_api,2026-07-22,2024,8.0,,,,0.0,
300710655,GİRNE ÜNİVERSİTESİ (KKTC-GİRNE),Hukuk (%50 İndirimli),Hukuk,999.0,KIBRIS,KKTC,,,EA,yokatlas_api,2026-07-22,2023,8.0,,,,0.0,
300710655,GİRNE ÜNİVERSİTESİ (KKTC-GİRNE),Hukuk (%50 İndirimli),Hukuk,999.0,KIBRIS,KKTC,,,EA,yokatlas_api,2026-07-22,2022,25.0,,,,0.0,
302000192,KIBRIS AYDIN ÜNİVERSİTESİ (KKTC-GİRNE),Hukuk (%50 İndirimli),Hukuk,999.0,KIBRIS,KKTC,,,EA,yokatlas_api,2026-07-22,2025,34.0,,,,0.0,
302000192,KIBRIS AYDIN ÜNİVERSİTESİ (KKTC-GİRNE),Hukuk (%50 İndirimli),Hukuk,999.0,KIBRIS,KKTC,,,EA,yokatlas_api,2026-07-22,2024,34.0,,,,0.0,
302000192,KIBRIS AYDIN ÜNİVERSİTESİ (KKTC-GİRNE),Hukuk (%50 İndirimli),Hukuk,999.0,KIBRIS,KKTC,,,EA,yokatlas_api,2026-07-22,2023,,,,,0.0,
302000192,KIBRIS AYDIN ÜNİVERSİTESİ (KKTC-GİRNE),Hukuk (%50 İndirimli),Hukuk,999.0,KIBRIS,KKTC,,,EA,yokatlas_api,2026-07-22,2022,,,,,0.0,
301390051,ULUSLARARASI FİNAL ÜNİVERSİTESİ (KKTC-GİRNE),Hukuk (Ücretli),Hukuk,999.0,KIBRIS,KKTC,,,EA,yokatlas_api,2026-07-22,2025,1.0,,,,0.0,
301390051,ULUSLARARASI FİNAL ÜNİVERSİTESİ (KKTC-GİRNE),Hukuk (Ücretli),Hukuk,999.0,KIBRIS,KKTC,,,EA,yokatlas_api,2026-07-22,2024,1.0,,,,0.0,
301390051,ULUSLARARASI FİNAL ÜNİVERSİTESİ (KKTC-GİRNE),Hukuk (Ücretli),Hukuk,999.0,KIBRIS,KKTC,,,EA,yokatlas_api,2026-07-22,2023,1.0,,,,0.0,
301390051,ULUSLARARASI FİNAL ÜNİVERSİTESİ (KKTC-GİRNE),Hukuk (Ücretli),Hukuk,999.0,KIBRIS,KKTC,,,EA,yokatlas_api,2026-07-22,2022,2.0,,,,0.0,
301390050,ULUSLARARASI FİNAL ÜNİVERSİTESİ (KKTC-GİRNE),Hukuk (%50 İndirimli),Hukuk,999.0,KIBRIS,KKTC,,,EA,yokatlas_api,2026-07-22,2025,20.0,,,,0.0,
301390050,ULUSLARARASI FİNAL ÜNİVERSİTESİ (KKTC-GİRNE),Hukuk (%50 İndirimli),Hukuk,999.0,KIBRIS,KKTC,,,EA,yokatlas_api,2026-07-22,2024,23.0,,,,0.0,
301390050,ULUSLARARASI FİNAL ÜNİVERSİTESİ (KKTC-GİRNE),Hukuk (%50 İndirimli),Hukuk,999.0,KIBRIS,KKTC,,,EA,yokatlas_api,2026-07-22,2023,17.0,,,,0.0,
301390050,ULUSLARARASI FİNAL ÜNİVERSİTESİ (KKTC-GİRNE),Hukuk (%50 İndirimli),Hukuk,999.0,KIBRIS,KKTC,,,EA,yokatlas_api,2026-07-22,2022,28.0,,,,0.0,
300410579,ULUSLARARASI KIBRIS ÜNİVERSİTESİ (KKTC-LEFKOŞA),Hukuk (Ücretli),Hukuk,999.0,KIBRIS,KKTC,,,EA,yokatlas_api,2026-07-22,2025,5.0,,,,0.0,
300410579,ULUSLARARASI KIBRIS ÜNİVERSİTESİ (KKTC-LEFKOŞA),Hukuk (Ücretli),Hukuk,999.0,KIBRIS,KKTC,,,EA,yokatlas_api,2026-07-22,2024,5.0,,,,0.0,
300410579,ULUSLARARASI KIBRIS ÜNİVERSİTESİ (KKTC-LEFKOŞA),Hukuk (Ücretli),Hukuk,999.0,KIBRIS,KKTC,,,EA,yokatlas_api,2026-07-22,2023,11.0,,,,0.0,
300410579,ULUSLARARASI KIBRIS ÜNİVERSİTESİ (KKTC-LEFKOŞA),Hukuk (Ücretli),Hukuk,999.0,KIBRIS,KKTC,,,EA,yokatlas_api,2026-07-22,2022,10.0,,,,0.0,
300410773,ULUSLARARASI KIBRIS ÜNİVERSİTESİ (KKTC-LEFKOŞA),Hukuk (%50 İndirimli),Hukuk,999.0,KIBRIS,KKTC,,,EA,yokatlas_api,2026-07-22,2025,46.0,,,,0.0,
300410773,ULUSLARARASI KIBRIS ÜNİVERSİTESİ (KKTC-LEFKOŞA),Hukuk (%50 İndirimli),Hukuk,999.0,KIBRIS,KKTC,,,EA,yokatlas_api,2026-07-22,2024,46.0,,,,0.0,
300410773,ULUSLARARASI KIBRIS ÜNİVERSİTESİ (KKTC-LEFKOŞA),Hukuk (%50 İndirimli),Hukuk,999.0,KIBRIS,KKTC,,,EA,yokatlas_api,2026-07-22,2023,40.0,,,,0.0,
300410773,ULUSLARARASI KIBRIS ÜNİVERSİTESİ (KKTC-LEFKOŞA),Hukuk (%50 İndirimli),Hukuk,999.0,KIBRIS,KKTC,,,EA,yokatlas_api,2026-07-22,2022,40.0,,,,0.0,
300513148,YAKIN DOĞU ÜNİVERSİTESİ (KKTC-LEFKOŞA),Hukuk (%50 İndirimli),Hukuk,999.0,KIBRIS,KKTC,,,EA,yokatlas_api,2026-07-22,2025,39.0,,,,0.0,
300513148,YAKIN DOĞU ÜNİVERSİTESİ (KKTC-LEFKOŞA),Hukuk (%50 İndirimli),Hukuk,999.0,KIBRIS,KKTC,,,EA,yokatlas_api,2026-07-22,2024,38.0,,,,0.0,
300513148,YAKIN DOĞU ÜNİVERSİTESİ (KKTC-LEFKOŞA),Hukuk (%50 İndirimli),Hukuk,999.0,KIBRIS,KKTC,,,EA,yokatlas_api,2026-07-22,2023,37.0,,,,0.0,
300513148,YAKIN DOĞU ÜNİVERSİTESİ (KKTC-LEFKOŞA),Hukuk (%50 İndirimli),Hukuk,999.0,KIBRIS,KKTC,,,EA,yokatlas_api,2026-07-22,2022,73.0,,,,0.0,
